Id,LoanDate,DueDate,ReturnDate,LoanerCard,Copy
1,2015-12-26 18:36:03.330,2016-01-30 23:16:22.440,2016-01-29 15:12:58.640,10726,100726
2,2019-02-13 02:32:30.560,2019-03-05 06:03:41.160,2019-03-21 04:42:13.430,10817,100817
3,2019-02-17 12:14:26.850,2019-03-17 19:18:50.980,2019-03-03 03:45:54.130,10768,100768
4,2016-06-29 03:03:29.590,2016-07-29 16:28:25.280,2016-09-26 02:15:55.020,10558,100558
5,2018-09-17 12:11:49.470,2018-10-09 13:52:54.280,2018-11-23 02:34:57.500,10206,100206
6,2015-06-27 23:12:33.750,2015-07-18 16:14:30.090,2015-10-15 02:13:39.310,11003,101003
7,2016-04-13 15:50:33.380,2016-05-18 06:35:08.120,2016-05-05 02:42:08.650,10906,100906
8,2020-01-13 17:33:28.310,2020-02-09 19:56:32.330,2020-04-25 12:42:51.320,10442,100442
9,2018-04-14 19:10:24.650,2018-05-19 00:24:00.550,2018-07-23 22:50:09.800,10977,100977
10,2016-02-17 23:00:45.430,2016-03-21 12:33:11.900,2016-06-16 14:15:30.610,10273,100273
11,2015-01-24 12:39:00.680,2015-03-02 04:58:01.510,2015-04-03 00:20:02.770,10291,100291
12,2019-04-13 13:53:05.620,2019-05-13 23:11:45.880,NULL,10467,100467
13,2016-01-12 16:37:43.720,2016-02-20 07:53:43.080,2016-02-17 16:57:07.620,10632,100632
14,2014-12-06 14:13:41.410,2015-01-07 12:51:15.010,2015-02-18 21:41:05.150,10469,100469
15,2020-10-12 02:03:39.200,2020-11-14 10:04:17.380,2020-10-26 04:09:02.400,10982,100982
16,2017-04-25 11:46:07.380,2017-05-16 18:32:57.030,2017-06-08 11:44:59.730,10030,100030
17,2018-05-05 02:52:06.120,2018-05-25 10:32:44.780,2018-07-26 18:10:11.710,10862,100862
18,2020-01-12 01:24:53.240,2020-02-10 12:15:21.660,2020-03-04 10:06:43.080,10995,100995
19,2019-05-03 11:45:51.480,2019-06-07 23:18:25.220,2019-05-14 14:24:30.010,10677,100677
20,2014-07-13 22:54:31.470,2014-08-11 00:33:18.090,2014-10-18 02:07:34.640,10314,100314
21,2020-11-24 07:51:52.210,2020-12-16 16:18:40.430,2021-02-27 04:53:27.140,10816,100816
22,2017-06-24 07:36:22.460,2017-07-28 12:20:19.010,2017-07-24 08:57:08.530,10848,100848
23,2017-03-08 02:56:37.430,2017-04-08 21:24:25.390,2017-06-30 17:54:22.580,10991,100991
24,2017-01-17 10:36:41.400,2017-02-21 09:42:23.310,2017-04-18 08:07:28.100,10032,100032
25,2019-10-19 12:57:25.280,2019-11-26 20:20:40.350,2019-10-31 05:38:29.820,10699,100699
26,2017-10-02 07:53:24.950,2017-10-25 07:34:58.450,2017-10-03 22:28:13.580,10526,100526
27,2018-01-14 17:54:02.960,2018-02-11 22:25:39.080,2018-04-19 20:25:20.430,10934,100934
28,2020-08-06 17:29:00.990,2020-09-06 21:39:12.920,2020-09-08 00:45:55.870,10687,100687
29,2020-01-02 19:40:47.710,2020-01-25 07:39:24.070,2020-01-24 05:10:09.590,10546,100546
30,2017-07-11 02:19:41.660,2017-08-05 15:13:34.390,2017-08-28 05:40:51.180,10081,100081
31,2020-06-30 01:54:56.100,2020-07-25 22:21:08.860,2020-07-09 22:44:15.730,10187,100187
32,2015-10-25 20:31:54.570,2015-11-24 08:29:46.220,2016-01-13 06:23:00.950,10453,100453
33,2015-10-26 13:07:08.580,2015-11-27 19:48:20.870,2016-01-23 03:30:55.420,10297,100297
34,2020-01-13 19:15:07.810,2020-02-20 08:52:34.030,2020-01-15 17:29:17.800,10988,100988
35,2016-07-18 12:55:30.730,2016-08-20 23:22:27.880,2016-11-03 22:52:15.270,10642,100642
36,2018-03-25 19:24:39.240,2018-04-27 06:03:33.890,2018-03-28 07:44:21.120,10762,100762
37,2019-05-04 23:33:30.240,2019-06-05 12:00:47.320,2019-07-23 20:15:41.700,11015,101015
38,2018-03-06 03:23:54.240,2018-03-31 04:25:56.280,2018-04-23 15:46:17.340,10381,100381
39,2020-12-06 07:52:20.980,2020-12-29 13:08:28.850,2021-03-28 08:47:27.960,10343,100343
40,2018-09-21 00:30:51.500,2018-10-15 10:44:01.140,2018-10-30 21:19:53.520,10957,100957
41,2016-10-20 04:29:18.020,2016-11-11 18:32:51.910,2017-01-22 21:04:33.170,10505,100505
42,2018-07-19 20:30:59.530,2018-08-26 22:55:04.050,2018-11-04 11:50:09.480,10715,100715
43,2018-08-12 02:32:55.140,2018-09-05 06:52:23.550,2018-09-03 01:05:14.800,10118,100118
44,2018-04-10 10:00:21.030,2018-05-14 09:17:28.150,2018-07-13 03:44:03.490,11009,101009
45,2015-06-15 07:26:23.060,2015-07-18 23:32:38.480,2015-09-20 17:03:45.140,10907,100907
46,2014-10-28 01:52:30.170,2014-12-05 21:35:09.730,2014-11-22 08:56:20.280,10794,100794
47,2016-03-02 23:22:58.160,2016-04-04 02:01:52.100,2016-06-09 13:53:25.360,10337,100337
48,2019-04-03 05:38:41.750,2019-05-08 05:39:54.020,2019-07-25 17:22:15.180,10457,100457
49,2020-11-22 20:35:14.240,2020-12-14 11:51:19.020,2021-02-22 17:49:26.820,10146,100146
50,2017-10-16 21:33:40.640,2017-11-18 18:52:48.340,2017-11-07 10:31:32.730,10221,100221
51,2015-01-16 17:29:59.680,2015-02-09 22:23:35.930,2015-04-19 22:03:32.900,10410,100410
52,2020-08-15 09:34:57.320,2020-09-12 06:24:37.440,2020-09-23 13:32:17.510,10718,100718
53,2017-10-01 20:01:20.810,2017-10-26 11:43:55.190,2018-01-11 03:00:18.870,10619,100619
54,2016-12-02 03:37:07.440,2017-01-02 19:33:43.880,2017-03-27 06:56:10.810,10487,100487
55,2019-04-10 01:36:50.610,2019-05-18 19:35:26.090,2019-07-13 12:00:24.840,10194,100194
56,2019-07-04 10:59:40.880,2019-07-25 10:56:04.440,2019-07-20 23:30:49.910,10878,100878
57,2016-05-11 23:35:53.120,2016-06-09 08:39:16.770,2016-06-20 05:15:04.280,10825,100825
58,2016-07-05 01:37:45.450,2016-08-07 09:36:28.670,2016-09-08 06:16:42.630,10735,100735
59,2017-09-10 14:06:04.320,2017-10-12 20:07:45.940,2017-09-12 12:56:28.050,10858,100858
60,2015-05-21 04:18:24.510,2015-06-29 06:17:56.820,2015-08-16 12:56:02.300,10679,100679
61,2018-06-13 05:18:30.800,2018-07-15 17:48:52.030,2018-09-12 17:10:22.360,10624,100624
62,2016-09-06 22:21:32.390,2016-09-30 08:55:56.200,2016-11-22 18:05:44.060,10218,100218
63,2014-06-15 21:52:40.600,2014-07-10 12:17:09.250,2014-06-15 23:14:54.990,10895,100895
64,2015-03-09 16:50:42.990,2015-04-07 09:10:27.160,2015-05-03 08:38:57.480,10896,100896
65,2016-08-19 21:05:49.330,2016-09-15 14:12:04.040,2016-11-18 03:56:15.850,10086,100086
66,2020-03-31 16:07:06.110,2020-04-27 20:28:16.290,2020-05-10 21:30:45.910,10838,100838
67,2017-11-21 00:45:57.040,2017-12-29 03:23:26.020,2018-02-28 22:03:13.300,10170,100170
68,2016-12-29 21:22:35.910,2017-01-19 23:01:10.050,2017-02-01 23:27:50.820,10644,100644
69,2019-05-21 01:18:10.680,2019-06-28 13:28:48.130,2019-08-14 22:48:50.890,10826,100826
70,2016-12-22 06:38:59.960,2017-01-12 04:00:44.480,2017-01-02 20:24:42.280,10219,100219
71,2018-12-22 12:12:37.150,2019-01-21 06:32:10.720,2019-03-16 15:29:19.040,10999,100999
72,2014-08-03 23:28:11.870,2014-09-08 06:06:49.500,2014-09-07 02:23:55.350,10481,100481
73,2020-02-05 17:32:32.270,2020-03-02 23:06:53.820,NULL,10652,100652
74,2015-01-15 11:14:59.970,2015-02-15 12:34:25.070,2015-03-16 19:01:43.840,10719,100719
75,2018-09-23 18:25:13.450,2018-10-19 06:00:27.170,2018-12-24 00:14:50.960,10809,100809
76,2016-10-10 11:20:52.670,2016-11-03 17:23:37.370,2016-10-11 21:58:41.680,10100,100100
77,2019-11-13 05:03:27.320,2019-12-13 05:27:56.450,NULL,10729,100729
78,2019-11-28 16:56:16.410,2020-01-05 12:06:58.250,2020-03-14 22:38:42.400,11051,101051
79,2016-01-08 03:10:18.340,2016-01-29 10:09:45.830,2016-01-16 05:58:45.750,10125,100125
80,2019-05-27 11:04:55.100,2019-07-05 22:45:31.620,2019-06-17 08:18:58.790,10905,100905
81,2016-01-04 08:30:26.780,2016-02-04 05:33:07.350,2016-04-26 20:23:52.410,10189,100189
82,2019-10-14 12:15:21.210,2019-11-16 16:45:46.070,2020-01-28 21:52:36.650,10476,100476
83,2020-09-13 20:53:46.750,2020-10-13 09:47:54.890,2020-10-06 20:58:09.190,10540,100540
84,2016-08-20 22:07:07.060,2016-09-19 12:46:36.730,2016-11-30 12:54:52.110,10325,100325
85,2016-11-27 08:49:41.980,2016-12-18 16:49:59.460,2017-01-26 18:52:25.280,10671,100671
86,2020-11-14 16:19:58.780,2020-12-22 15:56:32.420,2021-03-14 12:51:29.570,10468,100468
87,2019-01-24 00:30:33.760,2019-02-17 20:45:52.020,2019-04-08 23:18:11.070,10833,100833
88,2019-11-24 09:30:01.150,2019-12-15 00:14:38.000,2020-02-23 02:22:01.600,11074,101074
89,2015-03-10 17:38:17.200,2015-04-18 13:17:08.940,2015-06-16 20:30:26.520,10793,100793
90,2018-01-15 01:55:49.860,2018-02-16 12:26:24.450,2018-04-18 13:00:34.330,10764,100764
91,2016-04-17 19:48:46.110,2016-05-11 21:24:18.110,2016-05-15 07:39:22.870,10937,100937
92,2017-04-03 21:55:44.780,2017-05-12 02:24:19.650,2017-07-04 19:21:21.290,10294,100294
93,2014-11-28 13:17:49.920,2014-12-31 08:18:11.340,2015-02-19 19:58:21.640,10522,100522
94,2019-12-22 03:33:56.460,2020-01-15 06:50:33.020,2020-01-05 19:37:11.740,10663,100663
95,2014-09-12 19:12:20.700,2014-10-14 16:55:10.110,2014-10-29 08:44:21.060,10332,100332
96,2014-07-18 06:07:45.620,2014-08-26 09:36:56.710,2014-08-11 22:25:15.800,10286,100286
97,2018-07-08 22:38:18.930,2018-08-11 10:37:55.790,2018-09-15 07:35:30.390,10820,100820
98,2017-11-07 09:42:12.150,2017-12-12 21:41:57.400,2017-11-25 06:33:16.620,10222,100222
99,2016-01-24 12:54:31.690,2016-02-20 19:05:25.100,2016-05-11 02:51:28.250,10186,100186
100,2016-03-15 15:19:16.950,2016-04-11 03:04:23.180,2016-06-10 22:03:23.130,10068,100068
101,2017-12-07 01:06:33.140,2017-12-27 18:11:44.720,2017-12-10 11:59:50.070,11060,101060
102,2020-03-04 02:00:22.260,2020-04-04 03:00:43.060,2020-04-30 06:14:05.530,10693,100693
103,2020-11-13 04:20:31.070,2020-12-19 16:11:06.890,2020-12-28 14:07:05.920,10630,100630
104,2018-05-06 13:56:14.280,2018-05-27 07:50:35.540,2018-07-10 02:21:27.570,10927,100927
105,2019-10-26 09:21:03.500,2019-11-18 12:20:38.620,NULL,11049,101049
106,2014-11-17 18:01:47.800,2014-12-16 16:16:47.420,NULL,10928,100928
107,2014-12-13 16:02:25.050,2015-01-04 07:17:44.620,2015-01-10 06:15:19.270,10066,100066
108,2017-02-19 08:46:20.840,2017-03-24 23:09:31.130,NULL,10900,100900
109,2019-03-11 09:11:53.990,2019-04-06 13:33:17.700,2019-05-30 16:40:25.250,10678,100678
110,2016-12-02 14:15:57.930,2017-01-06 02:11:49.710,2017-01-28 23:57:09.130,10093,100093
111,2020-08-21 05:56:13.560,2020-09-21 05:28:08.990,2020-10-19 07:34:04.300,10149,100149
112,2017-06-14 06:39:36.720,2017-07-14 20:32:19.530,2017-09-21 02:50:14.040,10106,100106
113,2014-11-30 22:27:27.110,2015-01-01 23:26:43.840,2014-12-10 23:36:48.650,10609,100609
114,2019-04-17 03:01:09.220,2019-05-19 21:22:15.330,2019-08-08 19:42:24.570,10953,100953
115,2020-05-16 19:47:57.730,2020-06-14 00:44:50.470,2020-09-01 00:29:06.980,10490,100490
116,2019-08-30 17:03:09.590,2019-10-09 01:03:06.960,NULL,10148,100148
117,2016-12-24 01:27:45.650,2017-01-26 23:08:02.320,2017-01-01 11:10:28.260,11018,101018
118,2018-10-25 23:45:33.540,2018-11-29 23:30:33.530,2018-11-13 08:10:42.010,10569,100569
119,2019-04-12 08:01:01.010,2019-05-09 16:20:28.700,2019-06-23 00:46:33.560,10225,100225
120,2016-10-05 04:45:50.560,2016-11-02 22:15:32.630,2016-10-20 17:58:59.860,10618,100618
121,2015-08-11 15:36:32.340,2015-09-02 23:42:25.250,2015-10-15 00:09:48.680,10005,100005
122,2018-12-28 15:15:55.890,2019-02-04 03:08:49.010,2019-04-17 12:20:03.400,10360,100360
123,2016-03-26 03:44:18.700,2016-04-17 09:44:02.100,2016-04-11 13:25:48.070,10850,100850
124,2015-10-08 23:22:20.820,2015-11-04 01:02:24.670,2015-10-09 04:13:05.420,10062,100062
125,2015-02-08 10:50:13.840,2015-03-17 06:36:27.370,2015-05-19 03:50:52.030,10281,100281
126,2016-02-22 14:16:52.360,2016-03-25 04:07:52.070,2016-06-21 04:15:19.440,10704,100704
127,2020-09-05 10:10:21.960,2020-09-27 21:48:39.170,2020-11-06 12:41:53.450,10958,100958
128,2014-07-20 13:58:35.800,2014-08-11 16:16:21.780,2014-07-27 00:11:08.580,11033,101033
129,2014-10-07 16:02:39.260,2014-11-15 19:39:15.950,2014-10-14 06:17:18.400,10387,100387
130,2018-08-11 12:17:27.830,2018-09-06 20:23:31.470,2018-12-03 12:22:32.540,11092,101092
131,2019-04-04 12:42:33.740,2019-05-05 06:45:42.580,2019-05-22 19:47:45.340,10280,100280
132,2016-06-09 19:21:15.170,2016-07-14 07:46:00.060,2016-08-18 06:34:42.780,10506,100506
133,2018-04-09 04:01:44.710,2018-05-09 17:01:34.140,2018-07-25 17:25:28.830,10531,100531
134,2020-10-24 11:51:01.390,2020-11-28 07:05:23.650,2020-11-29 03:20:16.070,10057,100057
135,2015-11-23 09:58:21.960,2016-01-01 04:33:47.890,2015-12-16 06:50:49.010,11130,101130
136,2016-11-01 06:30:04.530,2016-12-11 02:32:25.300,2017-02-12 20:16:50.070,10496,100496
137,2019-12-01 07:54:50.150,2020-01-07 00:34:40.190,2020-03-29 23:40:20.590,10846,100846
138,2016-10-13 06:57:32.470,2016-11-11 01:57:20.350,2016-11-23 03:01:54.700,10613,100613
139,2017-10-26 12:46:03.570,2017-11-22 00:25:59.110,NULL,10104,100104
140,2016-06-14 14:47:54.180,2016-07-17 00:33:13.040,2016-07-02 01:08:41.940,10742,100742
141,2020-05-07 00:17:33.730,2020-06-12 08:38:48.790,2020-07-02 07:57:17.080,10401,100401
142,2016-05-08 15:44:12.920,2016-06-08 21:36:21.900,2016-07-08 15:34:54.500,10933,100933
143,2015-02-18 00:18:07.150,2015-03-24 10:41:21.290,2015-05-07 11:57:17.310,10130,100130
144,2019-04-08 03:22:19.280,2019-05-02 11:05:20.240,2019-06-21 03:57:11.110,11024,101024
145,2018-05-26 19:59:36.300,2018-06-17 06:58:16.450,2018-09-03 22:33:49.340,10615,100615
146,2019-11-04 13:09:09.400,2019-12-08 00:51:59.590,2020-01-05 23:59:29.990,10830,100830
147,2016-10-06 23:28:17.670,2016-11-02 02:57:36.800,2016-10-22 20:38:05.240,10685,100685
148,2016-08-13 10:16:40.710,2016-09-02 10:55:57.010,2016-12-03 06:58:04.840,11117,101117
149,2020-08-06 07:45:58.740,2020-09-11 06:05:43.560,2020-11-02 09:28:47.510,10172,100172
150,2016-01-14 02:09:11.110,2016-02-15 15:52:04.160,2016-04-22 20:32:41.240,10184,100184
151,2018-07-25 04:39:59.980,2018-08-19 10:28:55.390,2018-09-03 11:49:28.490,11112,101112
152,2020-09-12 22:52:45.390,2020-10-21 11:07:23.270,2020-12-05 10:35:40.280,10250,100250
153,2019-07-29 01:41:11.140,2019-08-26 05:21:29.700,2019-10-01 23:56:35.390,10997,100997
154,2020-04-20 08:08:41.140,2020-05-28 20:49:53.480,2020-06-22 07:26:24.880,10568,100568
155,2015-01-07 23:42:44.610,2015-02-01 03:21:58.930,2015-02-08 00:01:36.670,10063,100063
156,2019-12-10 09:50:37.250,2020-01-02 15:02:56.710,2020-02-28 17:34:52.090,10263,100263
157,2018-05-13 22:16:03.550,2018-06-11 17:16:41.940,2018-07-31 10:09:08.510,10842,100842
158,2019-07-11 04:58:10.240,2019-08-10 15:08:43.210,2019-07-12 16:07:46.340,11153,101153
159,2017-08-31 03:06:00.430,2017-09-24 01:14:09.170,2017-12-16 12:12:13.380,10645,100645
160,2018-02-05 19:04:11.130,2018-03-09 08:12:47.540,2018-05-24 08:47:40.130,10516,100516
161,2015-03-14 07:51:25.850,2015-04-09 18:28:09.260,2015-03-18 04:46:16.700,10970,100970
162,2014-10-29 02:03:49.250,2014-12-07 15:01:23.850,2015-02-21 03:46:02.040,10077,100077
163,2016-10-17 16:43:41.570,2016-11-21 03:30:16.180,2016-11-25 16:17:44.640,10512,100512
164,2015-01-02 20:54:26.160,2015-02-11 17:09:47.240,2015-03-01 19:05:01.300,10155,100155
165,2018-08-31 01:33:24.190,2018-09-23 19:26:08.120,2018-10-03 15:41:14.710,10813,100813
166,2018-08-16 10:34:58.390,2018-09-21 21:42:09.940,2018-09-17 10:58:19.050,11034,101034
167,2020-03-07 02:37:52.010,2020-03-27 03:30:46.390,2020-06-23 01:05:36.610,10575,100575
168,2015-02-06 10:36:25.730,2015-03-15 16:21:21.200,2015-04-18 22:50:33.350,10552,100552
169,2017-10-27 17:02:47.250,2017-11-30 16:48:28.440,2017-12-29 21:44:10.890,10672,100672
170,2017-12-18 13:17:53.190,2018-01-15 22:12:26.170,2018-04-04 17:34:48.690,10994,100994
171,2020-09-29 09:08:19.450,2020-10-22 00:28:27.780,NULL,10301,100301
172,2014-08-15 18:30:13.170,2014-09-09 21:10:42.960,2014-08-25 21:24:43.970,10064,100064
173,2015-06-04 10:59:29.970,2015-07-02 23:04:35.420,NULL,10465,100465
174,2017-04-01 17:13:06.830,2017-05-06 15:47:16.660,2017-07-18 06:08:46.650,10483,100483
175,2017-05-31 04:28:16.840,2017-07-02 13:36:44.860,2017-08-26 18:06:38.230,10216,100216
176,2020-04-03 23:52:19.430,2020-05-05 02:06:04.370,2020-04-04 21:56:41.140,10071,100071
177,2018-04-14 14:57:48.730,2018-05-07 16:27:28.710,2018-04-30 00:03:38.920,10230,100230
178,2017-12-19 00:21:59.430,2018-01-25 22:38:42.880,2018-03-03 13:44:28.150,10150,100150
179,2018-05-15 03:22:44.530,2018-06-08 18:04:09.230,2018-08-29 00:16:51.720,10446,100446
180,2016-04-05 21:41:04.450,2016-04-29 05:44:28.780,2016-05-11 18:10:21.130,10451,100451
181,2020-05-17 14:48:34.700,2020-06-12 01:10:16.270,2020-06-22 21:55:52.030,10019,100019
182,2018-06-27 23:53:41.250,2018-07-20 10:52:43.150,2018-08-24 17:54:06.270,10388,100388
183,2014-12-14 06:12:37.060,2015-01-09 10:10:39.230,2015-03-08 02:03:28.670,11020,101020
184,2019-09-24 13:53:28.160,2019-10-21 03:47:12.800,2019-10-02 07:10:32.110,10202,100202
185,2014-06-22 07:37:27.840,2014-07-13 09:54:37.060,2014-09-24 08:26:11.570,10913,100913
186,2019-07-22 13:49:48.350,2019-08-23 19:38:20.320,2019-08-18 05:38:52.010,10029,100029
187,2017-11-12 17:40:04.030,2017-12-09 02:24:31.360,2018-02-07 00:45:15.660,10509,100509
188,2018-12-19 19:53:03.570,2019-01-20 20:11:41.660,2019-01-19 08:15:14.380,10962,100962
189,2020-03-21 12:08:16.770,2020-04-21 03:43:25.710,2020-07-02 20:58:05.120,10993,100993
190,2016-12-14 00:07:44.720,2017-01-18 13:30:52.180,2016-12-20 12:03:29.590,10016,100016
191,2019-06-21 08:14:00.990,2019-07-22 09:15:44.370,2019-09-05 21:18:54.040,10653,100653
192,2014-10-26 02:56:39.900,2014-11-21 09:25:57.970,2015-01-09 10:41:40.740,10278,100278
193,2020-02-13 03:51:32.050,2020-03-09 00:43:12.190,2020-04-17 12:50:55.150,10967,100967
194,2020-09-19 17:41:52.440,2020-10-24 16:13:12.570,2020-12-30 20:19:02.880,10587,100587
195,2015-09-06 06:56:28.330,2015-10-02 06:05:04.770,2015-09-18 13:35:46.810,10772,100772
196,2019-12-12 22:13:44.470,2020-01-18 17:37:25.930,2020-02-04 04:34:38.710,10324,100324
197,2020-07-21 23:00:31.350,2020-08-27 18:06:06.720,2020-08-04 12:26:29.250,10420,100420
198,2014-07-21 03:23:40.990,2014-08-24 17:31:35.050,2014-09-20 09:21:12.560,10974,100974
199,2015-01-11 01:48:55.080,2015-01-31 15:39:13.100,2015-02-02 02:05:34.590,10885,100885
200,2020-10-10 09:24:37.910,2020-11-04 09:16:07.510,2020-10-30 22:53:13.930,10972,100972
201,2020-08-29 10:31:17.390,2020-10-01 21:21:14.200,2020-10-08 20:58:19.700,10255,100255
202,2016-02-03 12:51:51.940,2016-03-03 10:36:16.610,2016-04-11 15:02:45.320,10132,100132
203,2019-10-17 17:13:53.460,2019-11-12 18:07:29.580,2019-12-31 05:36:30.450,10897,100897
204,2017-01-21 18:28:05.540,2017-02-18 07:53:18.380,2017-03-27 03:23:46.490,10178,100178
205,2016-04-15 17:00:51.660,2016-05-15 15:23:37.380,2016-06-03 09:00:53.140,10882,100882
206,2018-05-14 10:09:46.800,2018-06-03 13:18:13.410,2018-08-23 07:35:41.070,10544,100544
207,2019-09-14 11:53:15.420,2019-10-14 12:02:48.850,2019-12-13 03:22:15.740,10785,100785
208,2016-09-30 08:28:04.310,2016-11-02 13:34:14.040,2016-11-22 02:41:54.010,10514,100514
209,2017-04-25 03:40:24.300,2017-05-21 07:13:09.610,2017-08-19 01:44:58.810,10352,100352
210,2015-10-05 23:50:25.190,2015-11-08 01:15:55.580,2015-12-09 00:01:28.730,11022,101022
211,2016-01-30 18:52:48.510,2016-02-19 22:35:28.990,2016-03-18 09:04:43.050,10033,100033
212,2014-10-28 21:54:04.110,2014-11-28 18:38:00.060,2015-01-13 08:50:28.460,10691,100691
213,2015-08-01 01:35:25.710,2015-08-26 21:04:34.970,2015-11-03 12:25:34.370,10121,100121
214,2015-10-30 05:24:55.980,2015-11-19 19:29:41.380,2015-12-11 20:48:45.250,11054,101054
215,2018-09-21 04:15:36.440,2018-10-17 07:02:32.280,2018-12-15 08:17:56.220,11135,101135
216,2017-09-16 07:57:44.600,2017-10-10 07:35:27.110,2017-11-04 23:03:33.530,10581,100581
217,2020-11-14 19:51:12.190,2020-12-18 04:50:45.620,2020-12-08 13:43:50.570,10261,100261
218,2018-01-24 02:50:13.420,2018-02-20 23:43:04.390,2018-05-20 06:28:01.320,10310,100310
219,2014-12-16 13:16:58.310,2015-01-24 07:15:11.160,2015-01-06 14:10:28.370,10242,100242
220,2020-02-09 11:43:35.840,2020-03-11 23:47:48.810,2020-02-21 19:28:36.240,10784,100784
221,2015-03-08 16:54:54.360,2015-04-07 19:17:39.580,2015-06-08 08:00:18.870,10133,100133
222,2015-08-22 06:44:48.440,2015-09-19 07:19:05.730,2015-08-25 08:30:29.140,10612,100612
223,2015-11-17 22:28:08.960,2015-12-14 12:37:56.490,2016-01-05 14:01:42.280,10559,100559
224,2015-04-18 16:55:02.530,2015-05-27 03:17:37.260,2015-07-29 03:27:03.260,10655,100655
225,2019-06-30 05:03:52.210,2019-08-06 12:56:42.810,2019-10-23 04:13:07.790,10341,100341
226,2020-05-09 06:11:39.550,2020-06-14 15:02:30.810,2020-08-25 03:08:03.350,10023,100023
227,2015-07-03 14:38:41.130,2015-07-23 20:27:31.780,2015-08-15 09:56:14.530,10097,100097
228,2015-09-14 17:17:37.530,2015-10-18 06:51:23.850,2015-10-12 17:34:58.900,10877,100877
229,2015-12-30 10:16:38.500,2016-01-28 09:42:12.890,2016-04-03 16:33:00.840,10710,100710
230,2018-06-19 06:14:32.370,2018-07-24 19:59:19.930,2018-07-23 13:32:00.510,10892,100892
231,2020-09-13 00:51:48.080,2020-10-17 07:59:58.650,2020-12-29 09:30:12.890,10651,100651
232,2018-02-27 11:34:07.740,2018-03-27 22:55:54.660,2018-05-12 14:42:27.370,11200,101200
233,2017-05-12 22:33:04.350,2017-06-19 06:59:30.770,2017-07-04 11:38:54.550,10264,100264
234,2018-08-04 17:58:06.620,2018-09-13 08:48:02.720,2018-10-29 01:23:38.790,10474,100474
235,2016-08-07 11:09:47.060,2016-09-06 08:23:15.580,2016-11-30 21:12:02.430,10195,100195
236,2018-09-17 01:56:42.760,2018-10-23 14:34:00.670,2018-12-14 06:53:07.720,10887,100887
237,2019-09-11 06:39:47.790,2019-10-17 16:45:14.570,2019-12-23 12:17:36.820,10491,100491
238,2018-11-22 11:44:31.520,2018-12-31 02:17:21.850,2018-12-11 22:39:43.180,10637,100637
239,2017-11-12 20:52:36.490,2017-12-19 12:23:36.410,2018-01-30 22:09:39.960,10319,100319
240,2017-02-07 21:27:41.050,2017-02-28 20:36:24.660,2017-06-01 00:50:31.520,10368,100368
241,2020-11-07 01:56:32.940,2020-11-29 07:35:32.480,2021-01-03 02:16:37.280,10244,100244
242,2015-07-18 09:11:59.710,2015-08-20 12:50:18.310,2015-08-20 22:03:22.640,11017,101017
243,2016-01-29 16:12:39.270,2016-02-24 12:58:33.040,NULL,10610,100610
244,2018-11-19 12:17:51.580,2018-12-27 02:27:31.130,NULL,10001,100001
245,2015-04-19 05:14:56.200,2015-05-24 14:55:24.180,2015-05-23 19:32:33.510,10983,100983
246,2019-01-26 10:19:56.870,2019-02-15 14:37:45.290,2019-03-06 18:58:42.680,10961,100961
247,2020-03-27 01:21:14.190,2020-04-16 12:21:23.990,2020-06-13 23:05:05.520,10157,100157
248,2018-09-18 22:26:36.070,2018-10-13 05:13:31.800,2018-09-19 00:35:05.760,11194,101194
249,2016-06-03 13:26:15.990,2016-07-02 09:10:41.280,2016-09-12 10:21:09.180,10091,100091
250,2018-12-20 22:58:43.730,2019-01-11 22:29:38.660,NULL,10190,100190
251,2020-01-28 02:22:32.290,2020-02-20 12:46:41.320,2020-02-18 19:58:07.110,11123,101123
252,2016-11-30 20:10:17.930,2016-12-29 18:23:03.330,NULL,10110,100110
253,2020-08-04 14:06:42.690,2020-09-09 10:16:24.900,2020-08-21 12:41:34.350,10732,100732
254,2015-12-02 14:05:19.240,2015-12-31 15:51:25.300,2016-02-23 05:38:49.790,10101,100101
255,2020-01-07 16:29:43.550,2020-02-11 13:58:28.940,2020-02-06 04:58:00.410,10839,100839
256,2019-06-13 03:46:28.950,2019-07-08 14:02:09.470,2019-06-30 13:34:39.950,11165,101165
257,2014-08-21 14:23:42.970,2014-09-12 21:58:21.110,2014-09-30 19:27:45.470,10572,100572
258,2018-12-04 00:18:50.930,2018-12-31 14:49:53.330,2018-12-13 16:50:31.030,10241,100241
259,2018-07-25 13:24:13.340,2018-08-24 18:56:36.580,2018-09-12 11:47:25.850,10837,100837
260,2016-12-07 10:49:12.120,2017-01-10 00:21:07.580,2017-01-13 19:30:34.730,10859,100859
261,2017-04-15 19:31:05.670,2017-05-25 16:50:42.630,2017-05-05 06:08:26.720,10447,100447
262,2018-06-04 18:35:37.880,2018-07-11 05:11:25.990,2018-09-05 20:26:15.150,11044,101044
263,2015-03-06 22:11:25.810,2015-03-31 03:52:02.150,2015-05-15 07:57:52.190,10803,100803
264,2019-11-06 21:25:51.940,2019-12-07 11:13:50.700,2020-01-06 16:29:30.630,10460,100460
265,2016-01-22 22:58:37.120,2016-03-01 17:15:57.940,2016-03-21 01:06:58.980,10340,100340
266,2018-12-03 07:18:40.780,2019-01-03 23:39:35.340,2019-02-02 22:30:20.730,10778,100778
267,2018-06-17 23:20:59.770,2018-07-21 11:38:30.300,NULL,10426,100426
268,2017-12-27 07:37:19.090,2018-01-22 12:16:33.260,2018-03-14 19:34:47.450,10647,100647
269,2020-03-23 18:15:08.920,2020-04-23 11:06:26.810,2020-06-13 09:02:16.290,11070,101070
270,2014-06-09 02:18:53.680,2014-07-08 16:28:32.610,2014-08-24 17:51:33.420,10608,100608
271,2019-01-06 01:17:56.820,2019-02-02 14:50:13.550,2019-04-09 12:21:32.730,10089,100089
272,2016-05-28 08:06:40.660,2016-07-02 02:33:24.760,2016-06-21 05:57:15.810,10623,100623
273,2014-08-16 05:57:36.920,2014-09-16 11:19:28.970,2014-08-25 09:22:14.400,10990,100990
274,2018-11-07 15:49:17.270,2018-12-15 10:38:47.510,2018-12-24 21:10:52.180,10873,100873
275,2020-04-03 09:47:02.910,2020-05-02 16:12:17.330,2020-07-29 08:52:58.730,10539,100539
276,2020-08-21 07:42:54.650,2020-09-27 06:27:22.270,2020-10-26 17:10:55.550,10137,100137
277,2020-07-23 14:32:09.170,2020-08-14 18:20:33.680,2020-07-27 21:29:36.880,11243,101243
278,2017-12-29 10:10:17.390,2018-01-27 10:10:26.370,2018-02-04 12:31:02.820,10557,100557
279,2020-12-30 11:40:06.330,2021-01-22 12:22:14.070,2021-01-27 09:10:46.930,11168,101168
280,2014-11-06 18:43:55.330,2014-12-13 22:18:58.500,2015-01-21 02:08:52.400,10379,100379
281,2014-07-18 04:50:25.360,2014-08-23 02:41:07.820,2014-09-14 07:04:27.940,10866,100866
282,2017-10-14 16:12:05.070,2017-11-19 15:14:01.000,2018-01-11 03:40:09.460,11083,101083
283,2020-04-12 03:51:21.550,2020-05-06 21:40:43.570,2020-04-21 10:46:10.060,10786,100786
284,2018-01-09 11:17:54.770,2018-02-05 11:12:35.220,2018-02-01 00:06:05.160,10519,100519
285,2019-05-23 03:52:00.080,2019-06-24 07:12:39.600,2019-09-15 00:52:46.960,10829,100829
286,2018-03-18 04:41:30.140,2018-04-12 13:36:56.300,2018-03-25 04:43:01.750,10541,100541
287,2018-07-25 21:27:25.060,2018-08-27 12:39:30.770,2018-08-15 23:09:24.640,11129,101129
288,2015-11-14 08:27:45.100,2015-12-12 15:08:06.460,2015-11-25 10:10:15.810,10162,100162
289,2019-07-29 01:28:23.080,2019-08-22 18:49:34.790,2019-08-10 16:11:15.860,10634,100634
290,2018-02-25 07:23:18.110,2018-03-21 18:21:07.110,2018-03-02 02:12:30.380,10553,100553
291,2018-07-01 11:32:59.780,2018-08-04 16:35:40.550,NULL,11019,101019
292,2015-03-13 06:20:56.860,2015-04-11 01:55:22.230,2015-06-11 05:11:11.660,10249,100249
293,2014-10-02 22:20:18.180,2014-10-31 07:20:46.270,2014-11-05 20:24:36.310,10800,100800
294,2015-05-11 10:03:24.370,2015-06-03 12:02:29.830,2015-06-23 06:37:35.460,11263,101263
295,2020-10-25 01:56:35.390,2020-11-15 03:45:43.040,2020-11-30 10:58:56.040,10921,100921
296,2016-11-07 07:20:55.050,2016-12-03 02:24:07.480,2017-01-24 08:41:48.810,11046,101046
297,2014-10-16 11:00:33.900,2014-11-14 08:58:17.160,2014-12-24 05:19:38.800,10192,100192
298,2017-03-24 18:46:47.340,2017-04-29 01:44:43.360,2017-04-03 22:34:00.090,11177,101177
299,2017-04-01 13:19:14.460,2017-05-10 09:11:34.190,2017-06-10 14:28:00.740,10661,100661
300,2017-05-16 21:56:15.430,2017-06-09 15:15:49.850,2017-06-04 04:09:41.210,10205,100205
301,2015-01-13 10:58:57.100,2015-02-09 02:59:16.000,2015-03-09 12:13:26.700,10534,100534
302,2016-09-02 17:43:55.090,2016-10-07 00:04:51.720,NULL,11186,101186
303,2019-06-28 04:11:27.150,2019-07-31 18:07:05.990,NULL,10773,100773
304,2016-05-30 11:07:22.300,2016-07-08 16:42:09.670,2016-09-22 20:15:47.700,10482,100482
305,2020-12-14 21:40:46.920,2021-01-18 07:39:26.120,NULL,11253,101253
306,2018-02-03 18:15:51.630,2018-03-04 10:13:17.570,2018-04-20 19:09:47.200,10438,100438
307,2016-09-19 14:12:41.000,2016-10-27 07:03:35.360,2016-12-01 13:43:11.950,10119,100119
308,2016-03-01 22:17:25.410,2016-04-08 23:37:38.390,2016-05-23 15:23:32.490,11259,101259
309,2016-08-30 04:18:16.340,2016-10-08 23:39:08.980,2016-12-13 14:58:32.770,10562,100562
310,2020-05-18 08:46:48.910,2020-06-25 07:31:07.680,2020-08-22 13:04:44.460,10702,100702
311,2019-11-20 13:14:19.790,2019-12-13 19:41:36.790,2020-02-20 06:44:36.490,10640,100640
312,2017-08-23 04:13:25.590,2017-09-25 11:47:55.750,NULL,10015,100015
313,2018-12-04 12:38:44.600,2018-12-29 02:27:40.260,2019-03-09 00:52:45.520,11147,101147
314,2018-02-20 18:40:18.010,2018-03-25 20:37:39.080,2018-03-12 18:09:14.850,11047,101047
315,2016-10-25 05:58:46.760,2016-12-01 21:40:00.770,2016-11-10 12:04:17.400,11188,101188
316,2020-07-02 03:19:00.600,2020-07-26 01:36:42.630,2020-07-27 08:49:50.740,10122,100122
317,2019-02-22 14:44:16.340,2019-03-26 07:30:43.430,2019-06-02 22:11:42.920,10120,100120
318,2018-02-25 10:53:31.040,2018-04-03 16:39:27.930,2018-03-09 18:26:53.940,10283,100283
319,2014-11-19 17:33:51.850,2014-12-28 04:01:12.090,2015-01-13 02:40:35.890,11102,101102
320,2018-11-06 18:17:06.980,2018-12-10 03:39:02.640,2019-02-25 14:26:17.920,10799,100799
321,2014-10-13 09:51:15.720,2014-11-21 11:00:05.570,2014-12-21 07:04:34.950,11231,101231
322,2017-01-06 14:53:14.670,2017-01-31 20:30:24.830,2017-01-16 18:35:48.210,11155,101155
323,2019-06-01 06:08:56.020,2019-06-22 17:26:59.480,2019-08-10 19:11:23.900,10012,100012
324,2016-07-01 10:51:50.810,2016-07-27 16:45:20.700,2016-09-13 23:37:31.320,10445,100445
325,2016-12-08 14:45:53.910,2017-01-12 23:52:53.080,2017-01-31 09:48:01.980,11091,101091
326,2018-03-30 18:56:59.950,2018-05-08 12:54:52.320,2018-05-06 19:23:23.220,11254,101254
327,2016-01-29 09:46:22.470,2016-02-24 19:12:39.480,2016-03-19 23:15:32.700,10823,100823
328,2020-04-06 19:54:12.560,2020-05-04 23:17:00.140,2020-06-10 17:08:49.140,10530,100530
329,2019-01-13 13:52:41.890,2019-02-19 06:53:05.480,2019-03-31 09:50:37.980,10951,100951
330,2017-10-30 02:26:07.860,2017-11-22 13:48:10.850,2018-02-13 19:08:33.800,11183,101183
331,2020-04-09 20:42:20.740,2020-05-07 21:29:06.100,2020-06-08 09:41:39.520,10945,100945
332,2017-10-03 19:45:21.830,2017-10-30 16:35:51.320,2018-01-12 21:01:46.890,10851,100851
333,2015-03-03 20:51:02.920,2015-04-03 00:58:53.170,2015-06-04 15:13:20.750,11063,101063
334,2018-01-18 13:43:50.900,2018-02-26 21:06:25.220,2018-04-17 17:44:33.050,10466,100466
335,2020-10-24 07:44:58.240,2020-11-23 19:19:43.510,2020-12-11 12:31:50.160,10844,100844
336,2018-11-14 11:06:30.270,2018-12-06 02:36:17.090,NULL,10356,100356
337,2019-04-19 12:00:37.930,2019-05-11 21:06:56.010,2019-06-14 17:41:27.070,10551,100551
338,2018-04-17 16:43:59.240,2018-05-13 04:58:34.900,2018-06-10 22:32:41.680,10304,100304
339,2018-01-25 13:37:07.860,2018-02-27 03:33:10.120,2018-02-13 09:44:28.500,10418,100418
340,2015-09-21 09:36:08.440,2015-10-14 20:59:23.020,2015-12-23 05:52:20.440,10390,100390
341,2015-12-01 14:28:49.130,2015-12-29 06:33:21.940,2016-02-19 12:45:21.800,10421,100421
342,2016-10-27 23:09:59.640,2016-12-01 13:01:53.380,2017-02-07 00:30:07.650,10662,100662
343,2020-03-16 04:09:28.770,2020-04-13 15:28:58.500,2020-03-31 16:07:03.200,10600,100600
344,2020-03-11 16:41:34.180,2020-04-07 11:18:28.130,2020-04-27 06:30:16.620,10931,100931
345,2019-04-07 18:08:58.330,2019-04-28 22:39:31.320,2019-05-14 20:16:53.290,10912,100912
346,2015-04-13 07:19:34.190,2015-05-04 04:47:45.790,NULL,10299,100299
347,2017-04-08 17:42:12.260,2017-05-02 23:27:42.970,2017-04-27 10:25:04.580,10680,100680
348,2017-08-12 03:40:00.170,2017-09-16 10:43:08.190,2017-09-16 10:11:16.090,10342,100342
349,2019-07-17 04:04:37.620,2019-08-11 14:22:30.080,2019-09-01 17:32:37.290,11333,101333
350,2014-09-27 22:37:34.780,2014-11-04 02:09:01.400,2015-01-17 00:51:09.660,11319,101319
351,2018-09-15 16:36:38.710,2018-10-19 18:53:25.060,2019-01-10 01:14:01.850,11174,101174
352,2017-08-21 00:07:02.860,2017-09-21 16:18:50.240,2017-11-28 13:25:25.990,10909,100909
353,2016-10-08 01:12:55.480,2016-11-13 21:43:32.270,2017-01-25 16:35:44.710,11283,101283
354,2019-05-26 19:02:07.480,2019-06-21 05:32:32.550,2019-06-17 09:33:03.700,11016,101016
355,2017-01-06 12:04:59.700,2017-01-31 04:15:45.270,2017-04-24 23:32:27.750,10949,100949
356,2019-01-06 20:05:42.440,2019-01-28 06:28:52.170,2019-02-21 08:58:53.160,10270,100270
357,2018-04-04 11:34:59.080,2018-05-07 06:37:53.250,2018-04-13 15:42:34.610,11214,101214
358,2017-05-31 17:19:36.330,2017-06-28 01:21:46.280,2017-07-29 07:56:08.680,10327,100327
359,2020-06-21 20:21:28.400,2020-07-15 16:49:17.590,2020-08-20 11:06:14.280,10188,100188
360,2017-02-19 02:43:46.960,2017-03-26 18:44:34.800,2017-06-14 15:06:53.740,11216,101216
361,2016-06-10 08:29:29.150,2016-07-02 15:00:39.080,2016-09-02 19:40:47.860,11144,101144
362,2017-06-14 18:18:28.450,2017-07-14 07:46:36.220,2017-07-02 19:06:35.780,10588,100588
363,2018-02-17 08:24:43.530,2018-03-10 16:44:33.910,2018-04-23 04:03:59.700,10908,100908
364,2019-11-01 01:52:08.480,2019-12-07 09:50:59.130,2019-11-12 05:31:28.460,11121,101121
365,2014-07-13 12:04:28.160,2014-08-12 10:02:02.560,2014-11-06 15:37:04.030,10756,100756
366,2016-07-21 17:28:57.950,2016-08-27 03:05:46.460,2016-10-25 17:52:40.090,10788,100788
367,2016-11-24 07:22:22.660,2016-12-17 10:49:03.560,2017-01-09 05:03:21.300,11306,101306
368,2015-04-20 22:54:53.700,2015-05-16 05:21:16.040,2015-08-14 01:56:25.200,10102,100102
369,2018-04-29 10:55:19.770,2018-05-22 01:17:56.570,2018-08-26 10:03:19.640,11137,101137
370,2018-12-11 18:52:16.490,2019-01-16 19:03:44.680,2018-12-17 03:05:36.250,11237,101237
371,2015-08-18 15:18:22.670,2015-09-09 04:29:47.610,2015-11-18 10:00:28.590,10570,100570
372,2015-04-11 22:00:17.090,2015-05-08 02:32:09.510,2015-06-30 22:24:59.600,11182,101182
373,2014-07-05 21:16:23.180,2014-07-30 13:06:18.800,2014-10-04 20:58:31.890,10864,100864
374,2020-02-29 07:57:43.420,2020-04-04 07:01:50.070,2020-05-20 19:17:50.350,10239,100239
375,2017-05-11 03:48:17.840,2017-06-05 21:05:41.680,2017-06-19 15:05:29.740,10377,100377
376,2018-12-16 10:41:16.090,2019-01-09 21:58:13.190,2019-03-20 21:31:28.470,10592,100592
377,2017-10-23 10:43:45.900,2017-11-29 05:01:27.340,2017-11-01 05:32:49.820,11093,101093
378,2020-03-21 13:27:21.850,2020-04-25 06:08:32.370,NULL,10080,100080
379,2018-03-26 16:42:52.490,2018-04-20 18:05:50.380,2018-05-19 01:58:38.280,10533,100533
380,2016-01-31 07:26:19.710,2016-03-05 19:05:08.270,2016-04-23 21:20:11.820,11241,101241
381,2015-05-27 01:14:47.680,2015-06-30 13:27:10.330,2015-06-29 12:09:21.590,10159,100159
382,2019-06-19 06:06:22.310,2019-07-20 08:29:32.310,2019-08-14 02:09:11.490,10480,100480
383,2015-02-24 15:49:34.940,2015-03-19 08:54:31.060,2015-03-15 04:20:28.090,11154,101154
384,2018-09-20 15:15:07.100,2018-10-30 04:44:05.070,2019-01-09 02:13:31.700,10152,100152
385,2020-02-14 09:49:29.150,2020-03-14 18:54:46.790,2020-04-13 21:05:05.510,10985,100985
386,2017-01-22 20:35:17.870,2017-02-28 05:10:16.850,2017-04-01 09:12:32.310,10036,100036
387,2015-05-31 18:32:26.350,2015-06-30 18:52:20.060,2015-09-06 01:12:00.310,11094,101094
388,2016-10-08 01:48:55.450,2016-11-01 19:26:21.630,NULL,10034,100034
389,2015-06-17 01:38:51.190,2015-07-21 16:50:40.940,2015-10-12 02:58:28.900,10517,100517
390,2016-03-22 11:39:15.800,2016-04-20 12:50:52.330,2016-04-29 10:07:39.350,10573,100573
391,2015-01-14 23:31:31.190,2015-02-12 19:58:24.840,2015-05-07 13:20:29.200,11307,101307
392,2016-04-22 18:41:01.590,2016-05-27 19:45:10.720,2016-06-09 00:10:09.700,10224,100224
393,2018-10-26 20:22:30.840,2018-11-17 12:09:18.300,2019-01-14 20:15:38.460,10116,100116
394,2015-05-11 10:53:20.890,2015-06-17 08:48:36.310,2015-08-29 01:03:41.460,11246,101246
395,2020-04-12 01:06:39.300,2020-05-03 05:58:44.950,2020-08-06 16:02:43.570,10775,100775
396,2019-06-18 20:10:20.690,2019-07-26 22:46:46.740,2019-08-16 13:35:57.350,10832,100832
397,2019-09-10 14:45:16.110,2019-10-13 20:17:20.470,2019-11-03 23:41:19.040,10754,100754
398,2014-10-19 02:17:20.280,2014-11-20 05:38:00.370,NULL,10240,100240
399,2020-02-02 04:37:06.010,2020-03-10 01:16:26.560,2020-04-17 00:05:11.670,10175,100175
400,2017-02-19 00:40:00.370,2017-03-15 19:33:45.850,2017-03-06 03:17:17.870,10123,100123
401,2019-05-19 23:57:11.540,2019-06-26 17:58:43.250,2019-08-18 21:38:00.560,10179,100179
402,2016-05-23 18:47:18.560,2016-07-01 18:06:27.930,2016-06-12 03:12:18.130,10577,100577
403,2020-04-14 16:44:40.410,2020-05-17 09:25:12.620,2020-06-24 06:09:41.710,11076,101076
404,2015-01-08 09:12:21.120,2015-02-06 19:18:46.390,2015-04-29 13:39:18.450,11284,101284
405,2020-02-10 07:19:12.120,2020-03-16 21:39:14.790,2020-03-04 21:00:33.950,10228,100228
406,2017-11-08 18:36:21.610,2017-12-06 16:21:16.530,2017-12-15 01:59:38.660,10400,100400
407,2017-07-21 02:50:39.680,2017-08-17 03:12:32.430,2017-08-31 08:05:20.590,10044,100044
408,2017-08-09 17:15:12.070,2017-08-31 14:41:43.200,2017-08-29 00:46:42.020,11134,101134
409,2016-06-19 15:13:49.640,2016-07-29 08:26:51.880,2016-07-25 23:26:31.270,10484,100484
410,2019-01-22 01:23:43.620,2019-02-11 06:17:33.090,NULL,11335,101335
411,2015-08-19 09:21:56.530,2015-09-13 01:27:25.830,2015-08-27 22:58:11.940,10607,100607
412,2019-01-13 22:07:37.230,2019-02-21 00:29:21.890,2019-02-11 02:10:20.520,10415,100415
413,2020-03-07 00:36:43.850,2020-03-29 07:15:56.910,2020-06-17 03:50:29.180,11045,101045
414,2018-10-25 12:55:08.690,2018-11-23 21:44:10.320,2018-11-08 13:32:25.360,11296,101296
415,2016-02-29 01:28:59.270,2016-03-21 05:17:25.450,2016-04-05 19:33:07.070,11367,101367
416,2017-12-23 02:23:06.850,2018-01-23 06:31:07.790,2018-03-08 21:14:57.590,10134,100134
417,2016-09-23 02:28:53.510,2016-10-19 22:52:06.150,2016-12-27 03:11:34.750,10525,100525
418,2020-05-29 17:09:36.430,2020-06-20 12:00:29.840,2020-06-24 20:59:49.400,10755,100755
419,2020-09-16 16:02:39.340,2020-10-13 14:56:13.340,2020-11-15 08:22:57.940,10374,100374
420,2018-06-20 15:29:10.290,2018-07-24 04:51:46.710,2018-08-25 14:09:36.850,10720,100720
421,2015-07-26 22:56:31.590,2015-08-22 08:13:27.390,2015-08-23 12:46:15.320,10456,100456
422,2014-07-22 05:33:27.200,2014-08-29 15:22:42.930,2014-07-27 13:57:08.000,10085,100085
423,2020-11-03 21:16:02.510,2020-12-04 12:30:36.110,2021-01-05 12:18:09.060,10585,100585
424,2016-07-11 23:16:03.970,2016-08-14 12:27:05.250,2016-07-30 20:09:06.870,10040,100040
425,2018-05-01 19:20:45.300,2018-05-28 23:05:20.830,2018-08-08 18:24:50.740,10777,100777
426,2020-04-26 20:37:21.080,2020-05-23 08:44:37.900,2020-05-04 19:49:57.170,10346,100346
427,2017-06-16 01:37:46.260,2017-07-10 14:22:52.210,2017-06-18 14:50:20.740,11143,101143
428,2020-02-25 10:23:02.290,2020-03-24 04:17:43.500,2020-05-07 04:01:55.040,10707,100707
429,2020-11-18 06:51:04.120,2020-12-22 01:03:06.120,2021-01-02 15:11:17.260,10464,100464
430,2018-11-23 07:37:57.160,2018-12-20 22:18:55.960,2019-03-05 12:09:43.510,11205,101205
431,2020-04-06 19:55:59.980,2020-05-08 01:40:53.730,NULL,11258,101258
432,2017-06-09 08:26:25.620,2017-07-03 23:23:27.960,2017-08-31 17:55:04.860,10423,100423
433,2014-07-23 08:50:15.830,2014-08-30 04:52:06.800,2014-08-24 15:06:48.880,11079,101079
434,2015-07-10 16:02:52.110,2015-07-30 22:32:05.520,2015-08-06 18:26:57.100,10409,100409
435,2017-09-13 07:29:08.180,2017-10-20 01:06:26.040,2017-12-06 23:18:15.420,10815,100815
436,2020-01-03 06:27:29.130,2020-02-07 19:20:43.420,2020-03-22 14:40:25.000,11215,101215
437,2020-03-05 13:21:41.900,2020-04-12 23:04:20.690,2020-04-12 10:29:57.800,10751,100751
438,2014-07-22 06:37:13.810,2014-08-24 13:35:45.660,2014-08-25 07:28:01.020,10234,100234
439,2019-08-11 07:55:54.990,2019-09-04 07:04:51.280,2019-08-24 08:24:46.800,10923,100923
440,2016-09-09 15:13:07.530,2016-10-01 02:33:31.240,2016-10-21 21:40:45.120,10584,100584
441,2020-07-04 17:44:38.200,2020-08-03 01:57:45.430,2020-08-06 00:06:06.550,11209,101209
442,2018-10-22 01:17:14.290,2018-11-19 04:10:37.860,2019-02-01 06:24:51.390,10052,100052
443,2014-09-23 10:35:05.810,2014-10-18 10:59:30.760,2014-12-01 16:18:50.500,10549,100549
444,2017-05-26 00:15:07.580,2017-06-29 10:33:08.850,2017-07-05 03:59:14.980,10160,100160
445,2015-01-07 02:17:19.270,2015-01-31 11:23:27.490,2015-02-08 06:41:53.080,10965,100965
446,2017-01-01 01:23:53.960,2017-01-31 19:29:03.950,2017-03-30 18:27:13.500,10443,100443
447,2017-02-15 18:04:17.750,2017-03-20 12:29:14.820,2017-05-15 15:21:13.170,10430,100430
448,2014-06-06 07:27:22.150,2014-07-08 14:25:08.980,2014-08-01 02:42:01.380,11438,101438
449,2020-03-12 09:24:21.630,2020-04-17 03:31:11.870,2020-06-18 22:36:03.960,10055,100055
450,2016-09-22 22:43:32.440,2016-10-22 23:27:38.160,NULL,11310,101310
451,2017-02-27 17:41:27.170,2017-03-30 23:54:41.570,2017-03-10 05:06:28.480,10307,100307
452,2020-04-12 21:35:39.690,2020-05-14 08:16:51.630,2020-04-17 02:36:57.560,11268,101268
453,2015-02-01 10:14:40.950,2015-02-26 14:41:48.030,2015-02-15 23:42:21.280,10865,100865
454,2016-01-17 13:07:55.720,2016-02-09 20:24:40.840,2016-04-17 00:13:48.020,10454,100454
455,2015-12-30 01:43:28.770,2016-02-06 11:20:19.460,NULL,10666,100666
456,2019-04-02 18:23:44.330,2019-05-12 02:36:01.310,2019-07-30 19:29:03.400,10094,100094
457,2016-07-19 21:31:16.060,2016-08-17 05:35:52.830,2016-11-05 07:46:53.440,10992,100992
458,2018-03-08 17:28:36.430,2018-04-16 20:58:08.370,2018-04-24 23:06:59.360,10688,100688
459,2017-09-08 13:51:35.820,2017-09-30 20:13:26.550,NULL,10051,100051
460,2020-10-15 10:41:51.040,2020-11-13 12:54:37.890,2020-10-25 04:55:28.730,11204,101204
461,2014-10-28 16:58:35.350,2014-11-21 01:58:25.310,2014-11-25 23:37:18.820,10700,100700
462,2018-05-26 16:27:37.390,2018-07-04 22:54:49.940,2018-05-27 03:59:35.060,11295,101295
463,2017-09-21 10:24:07.950,2017-10-19 13:38:38.080,2017-12-22 00:45:04.820,11434,101434
464,2018-07-28 07:35:52.480,2018-08-29 10:07:56.910,NULL,10939,100939
465,2019-10-17 05:27:43.650,2019-11-15 04:36:40.370,NULL,10518,100518
466,2019-03-12 00:55:30.910,2019-04-01 02:03:58.870,2019-06-23 06:09:53.140,11149,101149
467,2018-11-26 13:17:21.400,2018-12-16 19:37:16.080,2018-12-17 13:46:09.740,10510,100510
468,2019-01-31 08:33:51.730,2019-02-22 08:43:52.370,2019-04-25 22:18:17.030,10384,100384
469,2015-07-17 05:26:00.510,2015-08-18 20:37:45.290,2015-11-10 02:20:29.280,11374,101374
470,2017-02-25 19:01:30.150,2017-03-23 09:56:43.050,2017-04-03 22:01:14.750,10520,100520
471,2018-10-19 13:01:24.950,2018-11-21 07:26:48.100,2018-12-31 11:45:28.340,10383,100383
472,2016-08-06 19:51:39.690,2016-09-09 09:16:21.480,2016-11-11 03:11:23.060,10290,100290
473,2015-03-24 09:13:41.440,2015-05-01 04:55:39.560,2015-03-25 10:52:20.730,11395,101395
474,2018-06-12 00:49:31.800,2018-07-07 12:22:43.080,2018-06-29 12:14:10.880,10790,100790
475,2018-12-16 21:44:32.100,2019-01-10 02:54:02.290,2019-02-09 14:08:53.910,10728,100728
476,2017-10-04 21:39:17.310,2017-11-12 04:02:50.540,2018-01-31 18:35:10.210,10404,100404
477,2020-10-28 18:58:21.400,2020-12-01 04:23:13.180,2020-12-09 12:59:25.920,10535,100535
478,2017-11-13 21:00:54.930,2017-12-20 01:57:28.260,2018-02-03 21:14:45.360,10424,100424
479,2015-12-08 20:58:44.700,2016-01-07 01:03:38.750,NULL,10074,100074
480,2015-10-03 17:56:51.340,2015-11-09 03:36:17.880,2016-01-15 15:19:27.720,10334,100334
481,2017-08-14 02:33:03.330,2017-09-16 20:15:24.080,2017-09-10 12:31:54.570,10916,100916
482,2017-06-14 18:10:24.100,2017-07-16 23:57:44.230,2017-09-06 11:43:14.560,10776,100776
483,2020-12-15 00:58:40.670,2021-01-16 00:46:32.640,2021-03-03 09:04:40.710,11072,101072
484,2018-07-31 08:07:31.680,2018-08-24 01:35:28.960,2018-10-24 12:47:06.090,11326,101326
485,2016-02-28 13:56:29.980,2016-04-04 22:24:15.380,2016-03-30 00:34:03.710,10236,100236
486,2020-12-24 22:20:20.300,2021-02-02 17:24:03.110,2021-02-13 02:10:04.660,11065,101065
487,2016-10-10 22:11:44.670,2016-11-19 08:41:40.930,2016-10-20 23:58:55.680,11277,101277
488,2019-07-06 19:42:20.120,2019-08-10 08:27:26.970,2019-09-16 23:40:17.990,11179,101179
489,2020-07-11 14:19:23.350,2020-08-02 11:11:47.070,2020-08-04 14:20:16.500,11139,101139
490,2019-06-13 13:05:23.850,2019-07-20 22:30:25.740,2019-08-13 19:19:16.290,10721,100721
491,2017-11-18 08:56:13.070,2017-12-15 13:44:51.580,2017-12-29 12:15:09.330,11361,101361
492,2016-06-01 19:53:05.470,2016-07-11 02:06:13.330,2016-08-28 10:57:12.490,11250,101250
493,2017-11-12 16:45:37.990,2017-12-13 17:22:20.100,2018-03-05 15:08:25.940,10182,100182
494,2019-10-26 21:14:03.960,2019-11-30 18:10:14.410,2019-11-29 02:25:18.950,10041,100041
495,2016-04-16 22:14:32.180,2016-05-25 00:35:06.940,2016-05-25 14:23:00.800,10883,100883
496,2016-07-14 01:17:00.800,2016-08-13 03:02:56.480,2016-08-20 11:27:46.110,10654,100654
497,2015-07-05 14:53:06.340,2015-08-14 14:32:00.780,NULL,11484,101484
498,2017-02-26 02:59:13.330,2017-03-31 00:51:34.850,2017-05-06 16:58:32.510,11150,101150
499,2018-08-09 18:47:23.940,2018-09-04 05:56:29.490,2018-08-19 09:16:57.370,10641,100641
500,2016-10-28 01:21:48.360,2016-11-21 09:19:29.620,2016-11-30 14:40:38.900,10781,100781
501,2019-02-05 12:06:32.570,2019-03-07 23:51:48.880,2019-03-18 22:14:28.520,11141,101141
502,2019-01-16 09:30:26.020,2019-02-16 03:45:23.440,2019-03-16 10:43:42.380,10045,100045
503,2019-11-21 02:01:21.650,2019-12-30 17:47:24.710,2019-12-02 07:54:02.650,11028,101028
504,2017-06-19 14:22:51.470,2017-07-19 17:34:29.800,NULL,11300,101300
505,2018-12-05 09:42:07.490,2019-01-11 16:00:51.060,2018-12-23 01:05:20.280,10257,100257
506,2014-12-26 21:49:47.480,2015-02-02 14:38:21.090,2015-03-10 06:39:04.400,10017,100017
507,2019-06-25 12:21:58.250,2019-07-29 03:21:13.080,2019-06-28 13:06:22.050,10166,100166
508,2017-08-22 09:25:09.150,2017-10-01 02:19:05.960,2017-11-09 15:05:40.570,11478,101478
509,2018-01-31 15:23:23.630,2018-03-11 17:30:39.560,2018-05-24 01:07:00.810,11000,101000
510,2019-03-27 04:04:11.470,2019-04-16 07:17:29.920,2019-06-22 23:42:28.590,11359,101359
511,2019-06-04 23:25:22.930,2019-06-30 22:12:49.130,2019-07-13 07:15:24.070,11005,101005
512,2019-09-06 00:30:21.130,2019-10-08 03:38:25.570,2019-10-19 21:17:42.650,10567,100567
513,2016-09-02 20:29:51.730,2016-10-02 19:54:30.610,2016-09-14 10:59:01.150,10614,100614
514,2016-05-10 19:54:44.480,2016-06-05 16:37:09.680,2016-08-01 06:54:58.830,10716,100716
515,2017-08-06 08:08:47.710,2017-09-10 16:39:14.820,2017-09-27 21:22:38.620,10966,100966
516,2018-05-15 22:48:11.260,2018-06-16 02:00:42.100,NULL,10924,100924
517,2018-06-11 15:28:56.730,2018-07-08 22:08:18.300,2018-09-26 05:12:13.650,11146,101146
518,2020-02-22 02:16:36.270,2020-03-17 12:03:10.120,2020-05-23 17:23:05.090,11456,101456
519,2016-11-01 17:39:22.500,2016-12-07 11:43:42.530,2016-11-26 10:22:10.420,10703,100703
520,2019-10-23 07:07:23.360,2019-11-21 11:12:38.280,2020-01-20 04:39:47.250,11346,101346
521,2016-11-03 02:43:46.240,2016-11-23 17:22:18.940,2016-12-17 16:17:50.530,10626,100626
522,2020-05-22 17:35:01.280,2020-06-17 11:09:50.120,2020-09-17 13:36:12.030,10059,100059
523,2019-07-22 18:14:28.390,2019-08-11 21:32:06.310,2019-10-01 01:56:42.700,11498,101498
524,2017-02-02 16:20:36.660,2017-03-09 22:07:20.560,2017-04-25 04:54:23.510,10656,100656
525,2020-04-09 10:05:17.090,2020-05-17 20:11:52.480,2020-05-10 11:21:42.450,10932,100932
526,2016-10-21 17:08:19.480,2016-11-24 05:20:35.780,2017-02-15 17:36:15.680,10320,100320
527,2019-09-25 03:06:01.710,2019-10-17 15:54:02.380,2019-10-18 10:36:35.570,10108,100108
528,2016-05-28 11:59:37.480,2016-06-20 10:45:26.150,2016-08-11 05:35:10.990,11473,101473
529,2016-07-30 02:34:59.620,2016-08-26 11:47:37.150,2016-10-07 14:30:38.200,11006,101006
530,2016-11-06 20:27:31.290,2016-12-10 23:51:06.800,2017-01-25 20:48:47.730,11507,101507
531,2016-09-04 06:46:10.970,2016-10-12 13:30:50.760,2016-11-06 08:54:40.350,10168,100168
532,2018-02-04 15:59:08.070,2018-02-25 03:31:39.320,2018-04-28 01:29:19.750,10926,100926
533,2020-04-06 02:13:31.000,2020-05-06 20:00:59.780,2020-07-15 03:27:25.780,10783,100783
534,2020-02-10 19:36:56.350,2020-03-06 15:44:10.140,2020-05-25 22:01:59.980,10292,100292
535,2017-08-28 05:50:18.780,2017-09-23 03:44:30.010,2017-12-15 12:16:39.240,11140,101140
536,2019-07-29 17:02:37.310,2019-08-21 16:30:01.630,2019-08-06 21:44:52.290,10870,100870
537,2018-07-25 16:09:02.450,2018-08-27 06:10:20.520,2018-09-04 06:14:57.920,11176,101176
538,2017-11-30 10:35:49.190,2017-12-22 07:12:03.830,2018-01-14 06:45:10.200,10117,100117
539,2020-08-25 22:25:24.190,2020-09-21 09:34:38.900,2020-09-11 02:31:35.430,10566,100566
540,2015-08-07 16:06:42.500,2015-09-15 07:45:55.300,2015-10-12 18:16:21.160,11069,101069
541,2015-12-05 09:58:22.040,2015-12-31 14:02:51.020,2015-12-10 09:15:06.160,11278,101278
542,2020-02-19 12:46:35.520,2020-03-30 06:22:35.980,2020-05-11 16:41:47.120,11303,101303
543,2015-11-08 04:18:56.480,2015-12-13 14:56:48.400,2016-01-18 09:15:59.790,10725,100725
544,2015-09-20 10:15:11.870,2015-10-12 03:54:18.130,2015-11-17 04:21:20.060,11381,101381
545,2014-06-13 13:40:00.910,2014-07-15 00:17:37.590,2014-07-25 19:48:55.810,11287,101287
546,2019-03-15 08:25:51.940,2019-04-19 10:06:27.020,2019-04-18 04:33:49.660,10020,100020
547,2020-09-28 23:23:13.750,2020-10-28 06:11:43.720,2021-01-07 02:36:46.380,11260,101260
548,2015-12-07 20:50:53.500,2016-01-02 00:45:11.410,2016-01-26 12:35:37.520,11348,101348
549,2016-08-24 13:05:16.250,2016-10-03 01:31:00.590,2016-11-11 05:23:59.160,11529,101529
550,2018-12-02 23:26:20.920,2018-12-29 22:34:25.830,2019-01-07 01:16:38.030,10959,100959
551,2019-02-02 09:48:04.070,2019-02-25 04:54:39.180,2019-02-08 18:27:36.100,10968,100968
552,2016-05-13 12:36:30.070,2016-06-18 02:28:51.660,2016-07-14 02:41:17.240,10243,100243
553,2014-09-29 09:19:50.820,2014-11-05 13:07:53.310,2014-10-13 08:45:32.520,11528,101528
554,2019-10-18 11:40:00.580,2019-11-23 18:43:52.220,2019-12-26 00:18:23.000,11245,101245
555,2020-12-24 22:38:02.120,2021-01-17 15:57:11.680,2021-01-18 23:03:18.000,11163,101163
556,2019-09-15 18:31:31.290,2019-10-10 12:41:59.750,NULL,11273,101273
557,2020-06-26 15:15:57.640,2020-07-27 06:13:18.140,2020-07-08 09:44:21.330,10403,100403
558,2017-03-22 09:40:44.980,2017-04-15 19:40:05.140,2017-06-13 15:17:22.220,10889,100889
559,2018-03-12 04:17:34.390,2018-04-12 21:22:38.340,2018-05-31 01:51:44.500,10601,100601
560,2016-07-18 16:33:48.010,2016-08-11 10:40:16.280,2016-08-15 16:30:40.010,10936,100936
561,2016-04-02 18:43:45.770,2016-05-07 22:44:19.700,2016-04-17 00:08:31.580,11351,101351
562,2017-07-02 00:22:20.760,2017-08-01 16:35:47.910,2017-10-24 08:15:00.700,10375,100375
563,2015-06-28 06:50:09.530,2015-07-30 14:31:29.800,2015-10-24 22:03:53.950,11530,101530
564,2015-08-29 18:55:52.330,2015-09-23 17:39:33.740,2015-10-22 07:44:38.550,11230,101230
565,2016-12-24 21:18:00.500,2017-01-15 17:46:40.170,2017-04-23 02:37:16.490,11109,101109
566,2015-10-03 07:26:14.850,2015-10-28 18:41:10.790,2015-11-21 15:01:23.650,11012,101012
567,2020-05-31 22:16:50.140,2020-06-22 07:37:26.800,2020-06-06 08:24:56.580,11219,101219
568,2017-07-24 00:52:55.380,2017-08-18 04:10:21.470,2017-09-20 07:29:02.750,10322,100322
569,2019-09-13 14:04:25.710,2019-10-23 12:52:40.680,2019-11-11 08:26:44.600,11290,101290
570,2019-01-08 15:06:10.400,2019-02-10 00:09:14.180,2019-01-30 23:09:00.360,10095,100095
571,2020-10-21 06:39:08.810,2020-11-28 19:50:22.590,2021-01-03 12:57:09.180,11101,101101
572,2014-12-15 04:53:07.530,2015-01-09 14:56:15.460,2014-12-27 04:01:03.960,11511,101511
573,2020-06-28 03:51:12.090,2020-08-05 02:28:32.230,2020-08-28 21:25:08.990,11266,101266
574,2015-08-31 01:32:40.000,2015-10-07 03:57:48.240,2015-11-14 12:32:58.580,11173,101173
575,2018-04-22 21:09:01.310,2018-05-15 21:09:48.240,2018-07-10 11:42:11.570,10008,100008
576,2017-09-14 13:57:10.730,2017-10-05 10:59:43.970,2017-12-07 12:12:51.500,10143,100143
577,2018-12-18 13:16:04.790,2019-01-17 20:13:02.710,2019-03-10 22:54:58.480,11479,101479
578,2018-04-06 07:59:16.510,2018-05-14 17:37:49.170,2018-05-22 23:03:24.940,10161,100161
579,2017-01-25 02:40:35.740,2017-02-17 21:49:43.950,2017-02-06 16:16:42.860,10493,100493
580,2015-07-01 01:39:25.140,2015-07-24 10:05:26.450,2015-08-09 08:04:18.090,10911,100911
581,2017-01-22 17:45:05.730,2017-02-15 23:08:53.050,2017-05-19 22:53:34.380,10872,100872
582,2018-03-23 06:15:08.200,2018-04-29 15:08:51.960,2018-04-09 03:29:32.760,11522,101522
583,2020-10-03 22:54:21.240,2020-10-27 09:14:26.570,2021-01-05 14:40:12.080,11041,101041
584,2018-08-28 03:08:38.700,2018-09-17 13:13:12.320,2018-12-22 04:25:30.300,10947,100947
585,2018-10-05 10:39:27.220,2018-11-05 18:56:28.620,2018-11-08 20:44:49.690,10105,100105
586,2014-09-26 18:09:40.890,2014-10-19 11:02:00.090,2014-12-09 09:51:26.300,11515,101515
587,2017-10-11 06:39:17.250,2017-11-03 14:23:47.020,NULL,11545,101545
588,2014-11-22 14:33:30.410,2014-12-27 01:17:08.560,2014-11-24 02:37:13.610,10822,100822
589,2020-02-16 20:58:54.230,2020-03-08 23:46:59.450,2020-04-25 07:03:25.210,11275,101275
590,2018-12-13 11:18:47.490,2019-01-03 15:02:31.260,2019-01-13 23:54:20.840,10527,100527
591,2020-02-02 01:46:39.670,2020-03-05 10:16:44.500,2020-04-22 03:46:28.410,11011,101011
592,2015-10-08 06:28:17.470,2015-11-05 10:30:16.380,2016-01-13 18:26:15.240,11264,101264
593,2020-09-20 06:18:14.810,2020-10-20 09:49:26.500,2020-11-04 05:23:53.550,11159,101159
594,2018-07-13 05:51:36.170,2018-08-04 22:54:23.610,2018-10-01 22:23:22.540,10629,100629
595,2020-05-05 21:22:56.730,2020-05-29 09:01:36.590,2020-05-22 17:35:26.740,11217,101217
596,2019-06-05 09:36:01.290,2019-07-10 21:27:04.130,2019-06-07 08:17:27.720,10296,100296
597,2019-01-27 05:56:25.990,2019-02-23 15:51:07.180,2019-04-09 00:13:25.720,11568,101568
598,2014-08-14 09:23:04.150,2014-09-13 21:17:15.650,2014-08-20 17:26:04.850,10073,100073
599,2019-09-26 12:57:11.380,2019-11-05 10:07:38.980,2019-10-25 04:03:37.760,11128,101128
600,2019-09-11 06:13:46.060,2019-10-07 05:36:27.800,2019-11-22 05:51:34.390,11327,101327
601,2019-10-14 10:09:01.800,2019-11-17 02:29:01.220,2019-10-22 20:40:02.180,11496,101496
602,2017-08-10 22:30:18.360,2017-09-04 02:01:23.240,2017-09-16 18:31:07.820,11078,101078
603,2017-03-26 06:46:27.800,2017-04-20 11:52:31.750,2017-06-29 20:18:19.150,10151,100151
604,2018-08-16 21:59:05.850,2018-09-13 01:21:47.410,2018-09-27 06:50:20.590,10979,100979
605,2019-02-11 16:47:12.120,2019-03-12 02:44:04.260,NULL,10265,100265
606,2018-07-24 04:54:56.540,2018-08-30 13:58:24.720,2018-08-20 12:36:51.600,11534,101534
607,2016-11-15 08:45:17.990,2016-12-23 00:00:20.440,2016-11-19 18:46:01.520,11001,101001
608,2020-01-30 07:47:10.830,2020-02-19 09:10:06.080,2020-02-22 10:29:32.500,10422,100422
609,2015-11-30 14:30:59.270,2016-01-02 21:34:04.970,2016-02-03 05:36:35.400,11113,101113
610,2017-09-14 08:40:51.390,2017-10-07 04:57:28.710,2017-12-29 11:45:20.990,10011,100011
611,2015-03-03 05:15:26.490,2015-04-06 16:28:58.040,2015-04-27 14:07:58.930,11274,101274
612,2016-08-25 07:16:41.130,2016-09-26 12:35:29.980,2016-12-07 21:39:23.790,11218,101218
613,2014-07-31 07:00:09.230,2014-08-20 21:50:22.170,2014-10-01 21:46:32.430,10396,100396
614,2017-02-14 02:38:09.240,2017-03-14 11:17:12.880,2017-05-10 06:02:25.500,10690,100690
615,2020-06-25 22:48:42.280,2020-08-04 11:31:24.230,2020-09-04 14:49:13.390,11382,101382
616,2019-01-11 12:28:37.580,2019-02-18 07:35:28.750,2019-02-21 03:37:55.740,10267,100267
617,2017-09-28 01:27:59.520,2017-10-25 07:21:22.330,2017-10-28 20:16:23.880,10659,100659
618,2017-10-31 03:41:30.830,2017-12-02 01:18:18.480,2018-02-25 11:51:53.080,11104,101104
619,2017-11-24 08:16:25.110,2017-12-27 22:43:06.130,2017-12-15 00:23:15.200,11502,101502
620,2016-09-02 03:08:19.600,2016-10-11 06:44:41.080,2016-09-04 17:05:13.410,11562,101562
621,2018-12-23 00:46:57.610,2019-01-14 04:17:24.780,2019-01-11 03:30:22.360,11221,101221
622,2019-12-13 07:43:19.730,2020-01-09 06:20:19.240,2020-01-27 21:20:51.300,11553,101553
623,2018-06-07 03:54:01.160,2018-07-01 04:23:23.020,2018-07-24 23:25:27.750,11465,101465
624,2015-03-06 02:45:38.210,2015-04-13 21:50:10.410,2015-05-02 02:49:14.670,10787,100787
625,2019-12-07 13:19:30.730,2019-12-27 13:52:30.680,2020-01-03 07:20:05.750,10627,100627
626,2019-06-19 00:10:51.340,2019-07-19 09:20:07.210,2019-09-25 16:33:22.490,10353,100353
627,2015-03-26 22:34:52.720,2015-05-01 05:06:49.960,2015-05-10 18:39:45.910,11458,101458
628,2016-05-20 21:59:35.910,2016-06-25 03:34:09.600,2016-06-19 05:11:58.540,10796,100796
629,2016-04-26 04:09:43.280,2016-05-29 18:56:12.650,2016-06-16 10:45:54.350,11148,101148
630,2019-11-18 11:33:00.030,2019-12-15 23:42:45.130,2020-01-02 08:54:27.920,10711,100711
631,2019-08-19 08:00:44.750,2019-09-21 19:08:37.810,NULL,10828,100828
632,2018-10-09 03:53:00.640,2018-11-17 22:55:48.060,2018-12-21 16:11:53.780,10260,100260
633,2019-07-11 19:02:05.130,2019-08-19 07:30:11.190,2019-07-18 15:18:16.650,11302,101302
634,2018-05-16 20:26:49.690,2018-06-23 16:13:17.170,2018-08-02 10:39:30.750,10963,100963
635,2016-09-16 15:30:23.350,2016-10-16 07:36:26.240,2016-11-09 10:02:51.660,10674,100674
636,2020-06-13 19:14:47.380,2020-07-03 21:07:30.820,2020-09-16 10:41:08.490,10747,100747
637,2015-06-01 23:28:40.400,2015-07-04 03:16:21.210,2015-06-06 02:33:48.130,11114,101114
638,2016-07-23 00:55:15.390,2016-08-28 07:52:40.170,2016-07-25 11:19:19.870,10736,100736
639,2020-07-16 10:21:26.590,2020-08-17 10:29:09.080,2020-08-07 01:58:04.880,10681,100681
640,2014-08-17 05:44:30.680,2014-09-20 04:58:04.910,2014-11-20 18:07:41.510,11518,101518
641,2018-11-11 09:24:22.900,2018-12-06 11:01:40.650,2019-01-16 17:28:19.680,10107,100107
642,2018-09-11 22:52:06.430,2018-10-05 05:13:41.940,2019-01-01 14:08:15.500,10597,100597
643,2019-12-24 00:02:31.140,2020-01-14 03:43:04.580,2020-01-04 07:25:32.930,10869,100869
644,2016-11-06 12:18:02.840,2016-12-14 18:49:31.750,2016-11-15 12:54:13.120,11601,101601
645,2018-03-17 06:03:21.000,2018-04-12 22:33:34.220,2018-04-01 15:02:35.600,11127,101127
646,2017-11-11 18:29:58.540,2017-12-01 21:41:15.510,2017-11-24 19:41:58.070,11391,101391
647,2015-08-12 23:28:08.230,2015-09-09 12:39:55.190,2015-09-28 21:40:59.930,10943,100943
648,2018-01-09 03:40:05.570,2018-01-30 22:32:14.620,2018-01-26 14:53:32.110,11056,101056
649,2019-01-17 07:02:53.900,2019-02-09 11:23:00.400,2019-01-29 15:36:36.410,11538,101538
650,2015-09-28 08:54:19.140,2015-10-24 01:26:08.830,2015-12-31 15:59:27.770,10043,100043
651,2016-02-10 08:08:01.760,2016-03-09 14:05:42.780,2016-03-21 09:30:30.960,10636,100636
652,2015-09-01 02:14:55.150,2015-10-06 14:32:49.690,2015-12-16 03:39:01.810,11564,101564
653,2017-09-20 01:06:39.040,2017-10-26 22:34:10.530,2017-09-24 15:37:44.220,11589,101589
654,2017-06-28 09:48:51.770,2017-07-19 03:22:58.890,2017-08-18 11:59:02.400,11539,101539
655,2015-02-22 05:26:48.450,2015-03-18 01:19:04.020,2015-02-25 23:32:56.340,10918,100918
656,2020-11-01 02:25:42.080,2020-11-27 20:08:42.980,2020-11-10 14:48:44.710,10275,100275
657,2020-03-05 18:36:17.210,2020-03-25 21:38:01.220,2020-04-01 04:36:34.970,10941,100941
658,2016-06-25 04:00:49.580,2016-07-21 14:02:22.340,2016-09-13 19:00:24.380,10363,100363
659,2019-09-10 08:39:35.120,2019-10-07 11:29:17.720,2019-12-19 04:36:49.120,10351,100351
660,2020-08-25 16:36:20.780,2020-10-02 17:23:58.050,2020-11-02 12:07:38.110,11579,101579
661,2017-10-02 06:20:03.810,2017-10-24 08:51:35.740,2017-12-03 22:48:48.400,10350,100350
662,2014-11-30 10:45:42.080,2014-12-22 20:26:11.840,NULL,10021,100021
663,2018-03-10 03:37:27.540,2018-04-05 14:13:54.420,2018-06-20 15:14:30.410,11151,101151
664,2017-01-12 02:57:59.250,2017-02-06 21:51:20.850,2017-04-17 05:46:21.160,11257,101257
665,2019-01-27 00:40:06.640,2019-02-25 09:48:51.910,2019-04-28 20:46:18.250,11492,101492
666,2017-05-25 01:22:25.850,2017-06-28 17:33:10.980,2017-06-13 19:06:35.080,10279,100279
667,2018-02-14 12:14:36.000,2018-03-20 05:05:19.790,2018-03-19 03:00:13.450,11085,101085
668,2017-03-16 10:33:19.550,2017-04-08 05:37:06.020,NULL,10433,100433
669,2014-11-02 11:07:45.890,2014-12-11 03:40:47.640,2014-12-20 23:44:07.810,11189,101189
670,2014-06-17 03:33:54.900,2014-07-26 14:23:54.410,2014-07-14 03:43:57.490,10316,100316
671,2018-01-14 12:59:57.180,2018-02-09 04:19:08.540,2018-01-23 09:13:53.070,11481,101481
672,2015-08-11 00:32:44.130,2015-09-10 23:28:43.160,2015-11-29 12:30:40.290,11447,101447
673,2018-04-16 17:20:04.250,2018-05-26 14:49:10.420,2018-06-22 06:15:28.630,11610,101610
674,2017-09-12 02:31:54.430,2017-10-21 17:45:02.230,2017-10-20 07:17:09.100,11156,101156
675,2018-10-22 17:43:56.710,2018-11-25 19:43:01.440,2018-10-31 20:55:43.770,10061,100061
676,2014-09-15 01:54:51.180,2014-10-23 23:03:43.840,2014-10-06 21:42:03.600,11311,101311
677,2020-12-20 07:40:48.590,2021-01-15 02:37:15.660,2021-03-04 15:43:42.900,10092,100092
678,2016-01-03 15:35:58.310,2016-01-29 09:33:52.260,2016-01-14 14:16:44.060,11521,101521
679,2017-12-19 20:42:17.220,2018-01-20 23:16:37.190,2017-12-27 16:02:41.170,11349,101349
680,2016-06-29 18:49:32.190,2016-08-08 16:11:16.180,2016-08-05 07:50:54.470,10402,100402
681,2018-04-11 00:42:43.110,2018-05-03 20:40:13.010,2018-05-13 11:14:56.090,11433,101433
682,2018-03-17 18:54:47.160,2018-04-20 06:34:36.340,2018-04-30 17:46:25.090,11118,101118
683,2018-05-04 14:56:42.020,2018-06-05 16:11:10.210,2018-08-12 10:44:26.350,10229,100229
684,2015-01-01 19:15:24.130,2015-01-29 17:30:04.810,NULL,10129,100129
685,2018-03-13 03:24:58.260,2018-04-21 09:37:03.340,2018-06-02 08:34:03.870,10075,100075
686,2018-05-23 05:45:49.600,2018-06-30 04:35:49.120,2018-06-24 17:17:01.280,11057,101057
687,2015-06-24 02:46:21.590,2015-07-17 00:21:38.510,2015-08-18 02:53:36.590,10733,100733
688,2016-06-17 09:13:13.350,2016-07-25 04:07:13.290,2016-06-28 14:26:56.210,10554,100554
689,2017-08-27 15:00:01.230,2017-09-30 14:54:14.130,2017-10-25 10:57:23.470,11501,101501
690,2016-11-15 13:04:41.270,2016-12-08 11:27:44.260,2017-01-23 10:52:30.230,10399,100399
691,2014-09-13 00:38:30.170,2014-10-22 23:29:30.600,2014-11-27 18:44:32.070,10805,100805
692,2019-12-07 19:27:50.830,2020-01-02 13:13:59.870,2020-02-19 15:34:25.000,10126,100126
693,2017-11-12 16:15:40.270,2017-12-11 20:23:23.450,NULL,11467,101467
694,2020-11-20 17:45:05.810,2020-12-24 17:05:12.030,2021-01-03 23:54:32.480,10769,100769
695,2017-11-14 23:24:26.870,2017-12-16 20:06:30.160,2018-01-22 04:50:31.220,11625,101625
696,2018-05-16 22:38:40.820,2018-06-08 14:35:29.800,2018-06-29 10:44:14.760,11421,101421
697,2014-12-07 19:14:38.880,2015-01-13 14:59:48.520,2014-12-30 09:41:30.370,11425,101425
698,2017-05-15 21:04:31.890,2017-06-20 05:51:44.740,2017-07-27 17:09:53.860,10628,100628
699,2018-10-11 11:37:56.200,2018-11-09 09:00:40.840,2018-11-13 07:32:23.440,10942,100942
700,2015-03-28 04:40:55.140,2015-04-29 05:00:24.240,2015-06-20 01:07:50.060,10709,100709
701,2020-09-27 06:15:22.550,2020-10-23 16:35:56.730,2020-10-13 18:43:10.700,11417,101417
702,2019-05-29 12:54:48.680,2019-06-23 07:02:50.160,2019-07-08 00:11:39.870,11466,101466
703,2017-08-11 16:32:19.680,2017-09-03 18:51:27.990,2017-11-28 23:24:21.730,11087,101087
704,2019-01-05 03:28:58.990,2019-01-28 20:59:06.980,2019-04-17 21:42:37.140,11291,101291
705,2018-09-13 19:54:21.970,2018-10-03 21:07:01.300,2018-12-07 08:30:00.590,11615,101615
706,2014-12-05 07:35:17.620,2015-01-11 14:37:00.620,2014-12-25 05:38:07.720,10712,100712
707,2018-05-17 08:54:50.900,2018-06-21 23:43:40.280,2018-05-25 23:54:22.550,11289,101289
708,2014-06-12 22:34:44.610,2014-07-20 04:49:09.310,2014-07-04 19:10:31.970,10684,100684
709,2019-09-06 16:04:55.070,2019-10-03 07:39:58.460,2019-10-04 10:14:40.320,11393,101393
710,2014-11-12 03:31:57.260,2014-12-07 02:15:21.170,2014-11-14 00:09:12.790,10903,100903
711,2020-11-11 18:44:53.490,2020-12-02 17:31:28.320,2021-02-16 16:57:14.080,11664,101664
712,2018-08-06 03:00:18.890,2018-09-09 12:04:09.950,2018-11-16 21:44:12.650,10881,100881
713,2019-07-07 07:18:32.360,2019-08-10 14:45:46.150,2019-10-12 01:25:49.680,10564,100564
714,2017-08-15 13:50:02.930,2017-09-11 19:18:02.550,2017-12-06 09:15:26.070,10948,100948
715,2016-10-19 15:53:37.670,2016-11-23 20:43:46.040,2016-10-21 08:56:17.340,10502,100502
716,2020-07-17 11:25:16.650,2020-08-15 02:17:00.400,2020-11-04 08:24:13.130,10124,100124
717,2017-07-28 19:49:00.060,2017-08-28 04:15:02.630,2017-09-15 00:16:22.870,10791,100791
718,2017-08-11 08:22:03.410,2017-09-18 20:43:50.620,NULL,11212,101212
719,2019-11-01 23:33:00.990,2019-11-28 12:14:18.510,2019-12-27 20:38:38.060,10165,100165
720,2015-02-08 18:54:17.040,2015-03-12 05:13:03.790,2015-05-08 18:37:51.040,11546,101546
721,2016-05-05 22:36:04.250,2016-06-06 17:11:33.450,2016-08-15 09:55:44.230,10545,100545
722,2016-02-02 03:01:22.640,2016-03-09 00:58:07.500,2016-04-12 03:07:14.830,10914,100914
723,2020-07-19 19:33:18.320,2020-08-17 14:42:52.890,2020-08-28 22:14:26.220,11598,101598
724,2018-12-17 22:03:04.620,2019-01-22 16:13:04.370,2019-03-08 12:55:34.360,10616,100616
725,2020-10-04 02:55:24.740,2020-11-12 14:54:24.820,2020-12-24 00:42:12.740,11701,101701
726,2019-02-07 17:32:06.360,2019-03-19 15:05:09.680,2019-05-02 10:29:55.860,10649,100649
727,2018-09-28 08:17:03.870,2018-10-20 03:05:20.710,2018-12-30 02:47:24.890,11672,101672
728,2018-05-26 23:34:58.450,2018-06-21 21:43:59.400,2018-08-08 03:38:27.880,11693,101693
729,2020-10-28 03:07:27.560,2020-11-24 21:38:33.060,2021-01-20 17:11:57.780,10488,100488
730,2014-11-10 19:05:15.880,2014-12-12 05:07:32.620,NULL,10975,100975
731,2020-10-08 06:40:12.310,2020-10-30 08:03:56.330,2020-11-19 13:12:05.120,10668,100668
732,2018-01-09 10:36:16.700,2018-02-08 20:45:31.920,2018-02-01 11:26:08.140,11428,101428
733,2018-03-25 03:58:02.120,2018-05-01 00:33:12.440,2018-04-09 18:16:26.290,11392,101392
734,2017-02-26 16:01:22.070,2017-03-18 18:16:13.940,2017-04-23 23:07:48.170,11270,101270
735,2016-10-02 12:34:09.640,2016-11-04 23:35:20.440,2017-01-19 12:26:55.830,11267,101267
736,2019-11-13 11:47:54.430,2019-12-21 13:37:23.850,2020-03-02 23:23:54.830,10898,100898
737,2015-01-09 02:22:27.480,2015-02-08 11:43:09.350,2015-05-03 12:35:26.080,10416,100416
738,2020-04-29 11:27:43.030,2020-05-27 19:12:04.220,2020-07-26 19:31:16.800,11603,101603
739,2017-04-19 23:21:02.170,2017-05-17 20:23:04.520,2017-06-06 05:30:23.410,10861,100861
740,2017-09-10 19:49:40.640,2017-10-02 19:00:03.720,2017-10-30 12:08:16.470,11657,101657
741,2014-06-10 20:50:58.690,2014-07-03 04:52:09.830,2014-08-29 07:06:59.000,10181,100181
742,2015-06-16 04:11:36.980,2015-07-11 19:32:30.210,2015-09-04 01:56:32.210,10048,100048
743,2017-10-11 17:08:18.290,2017-11-11 20:27:15.830,2017-12-23 07:17:53.240,11612,101612
744,2017-03-20 11:28:03.970,2017-04-18 12:38:53.960,NULL,10142,100142
745,2017-01-03 18:19:47.790,2017-01-25 17:56:16.950,2017-01-14 09:15:13.110,11350,101350
746,2017-02-06 21:38:11.280,2017-03-04 11:25:21.650,2017-03-06 03:35:42.030,11585,101585
747,2014-11-05 12:09:18.460,2014-12-06 22:28:14.710,2014-11-14 20:45:46.790,10561,100561
748,2014-09-02 02:25:37.330,2014-09-24 01:05:21.890,2014-11-23 00:10:39.980,10435,100435
749,2018-07-07 01:51:28.130,2018-08-14 20:21:26.980,2018-10-01 04:55:24.330,11704,101704
750,2018-04-30 11:59:10.230,2018-05-23 17:49:30.760,2018-08-07 11:57:55.810,11682,101682
751,2015-03-24 02:49:40.750,2015-04-25 10:20:28.170,2015-06-13 03:30:52.780,10293,100293
752,2018-04-28 10:52:35.480,2018-06-05 18:15:58.910,2018-06-09 23:59:23.480,11681,101681
753,2018-07-14 21:31:30.900,2018-08-12 17:37:27.220,2018-10-01 05:58:39.770,10462,100462
754,2018-02-04 16:43:39.150,2018-03-14 03:47:38.040,2018-05-31 00:21:51.280,10495,100495
755,2019-11-22 06:04:50.900,2019-12-12 11:48:51.790,2020-02-16 23:26:06.320,10163,100163
756,2019-01-29 03:13:59.900,2019-02-28 15:37:50.230,2019-05-12 23:35:48.870,10841,100841
757,2019-11-09 17:21:30.360,2019-12-15 16:19:58.270,2019-12-31 01:56:18.620,11315,101315
758,2019-08-25 18:29:15.060,2019-09-22 02:38:24.630,2019-09-08 14:50:18.790,11413,101413
759,2019-04-03 00:33:34.260,2019-04-27 06:04:43.180,2019-07-08 10:20:15.510,10739,100739
760,2020-08-06 02:22:15.620,2020-08-26 06:01:52.630,2020-10-23 22:46:38.070,11119,101119
761,2017-03-08 23:18:13.750,2017-04-13 11:31:40.900,2017-04-06 08:23:28.790,10173,100173
762,2020-12-21 09:19:52.460,2021-01-20 01:59:41.880,2021-01-09 10:35:42.110,11532,101532
763,2014-08-15 19:27:17.050,2014-09-14 07:10:37.240,2014-12-05 13:32:35.650,10196,100196
764,2019-03-31 20:59:39.180,2019-05-06 02:32:26.840,2019-06-06 14:59:00.850,11710,101710
765,2015-02-03 20:51:44.950,2015-02-26 18:11:25.840,2015-03-19 21:46:47.390,11437,101437
766,2017-04-07 08:08:36.780,2017-05-07 20:45:57.390,2017-07-15 22:12:32.330,11077,101077
767,2014-10-16 23:02:16.770,2014-11-23 11:30:58.520,2014-10-21 16:22:11.570,10765,100765
768,2016-10-12 15:17:10.290,2016-11-15 20:29:33.210,2017-01-26 21:36:02.660,11233,101233
769,2015-04-18 01:15:53.280,2015-05-21 19:42:43.110,2015-05-28 16:21:48.770,11170,101170
770,2017-12-07 04:05:43.240,2018-01-13 07:06:23.190,2018-03-30 22:56:51.820,10603,100603
771,2019-12-12 09:02:49.170,2020-01-19 14:33:52.060,2020-03-27 15:34:07.100,10708,100708
772,2018-03-31 08:21:17.040,2018-04-22 09:02:59.410,NULL,10812,100812
773,2014-09-26 09:01:01.240,2014-10-27 00:20:47.100,2015-01-22 18:13:26.790,10259,100259
774,2016-07-26 03:43:20.350,2016-08-19 17:14:15.790,2016-08-28 12:42:27.250,10802,100802
775,2015-02-02 22:03:18.350,2015-03-04 00:20:54.960,2015-04-06 12:52:54.580,10266,100266
776,2015-04-25 18:24:27.270,2015-05-21 21:39:04.240,2015-08-22 06:33:15.250,11356,101356
777,2019-04-23 09:53:04.360,2019-05-18 04:30:52.670,2019-07-28 20:42:42.120,11464,101464
778,2017-10-04 08:05:14.350,2017-11-13 02:03:59.940,2017-10-13 10:03:54.120,10245,100245
779,2016-05-18 03:43:16.820,2016-06-20 22:16:48.400,2016-06-16 00:53:22.850,11405,101405
780,2018-01-30 05:17:13.450,2018-03-05 03:29:04.160,2018-03-30 14:27:41.320,10586,100586
781,2018-09-07 05:22:47.890,2018-10-05 16:36:55.950,2018-09-20 02:06:26.040,10087,100087
782,2018-07-01 05:51:26.530,2018-08-10 01:59:59.820,2018-09-10 12:07:28.940,10103,100103
783,2020-11-19 21:43:30.320,2020-12-17 01:22:33.420,2021-03-18 21:45:16.680,11714,101714
784,2016-12-02 15:08:17.330,2016-12-27 03:49:03.300,2017-03-30 05:02:11.630,10258,100258
785,2020-08-19 16:15:35.140,2020-09-27 18:47:05.470,2020-12-11 10:47:11.590,11638,101638
786,2016-11-14 19:47:36.830,2016-12-08 13:47:58.420,2017-03-06 23:09:55.240,11007,101007
787,2020-06-27 13:04:45.810,2020-07-19 03:08:05.710,2020-08-08 14:02:29.020,11276,101276
788,2014-07-23 11:14:22.960,2014-08-31 20:45:35.390,2014-10-15 09:19:07.900,10621,100621
789,2018-04-07 09:56:31.180,2018-05-17 06:27:23.160,2018-05-05 03:08:11.490,11531,101531
790,2018-09-04 09:20:09.740,2018-09-27 07:57:31.200,2018-10-23 06:17:19.490,11690,101690
791,2014-06-08 18:26:24.070,2014-06-30 21:17:26.570,2014-08-20 05:11:02.200,11670,101670
792,2016-05-16 07:53:12.420,2016-06-08 09:04:45.710,2016-07-12 23:11:11.350,10223,100223
793,2015-07-02 10:54:08.770,2015-07-26 13:07:22.040,2015-10-07 02:09:06.440,11397,101397
794,2017-09-13 20:58:46.550,2017-10-11 14:21:12.880,2017-10-01 21:25:04.890,11551,101551
795,2014-12-07 20:31:26.880,2015-01-03 07:28:23.810,2014-12-17 08:10:39.200,11080,101080
796,2014-06-20 11:31:06.240,2014-07-23 02:52:28.960,2014-07-09 08:35:13.430,10397,100397
797,2015-04-05 08:44:19.920,2015-05-11 12:21:53.960,2015-05-05 23:47:07.100,10852,100852
798,2019-07-13 20:08:39.110,2019-08-18 17:54:49.990,2019-10-09 12:19:21.820,10214,100214
799,2016-07-19 14:36:19.010,2016-08-14 18:27:29.100,2016-08-01 18:21:53.560,11261,101261
800,2020-09-28 10:11:11.010,2020-10-29 21:10:20.570,2020-10-26 23:25:44.520,10497,100497
801,2016-09-25 22:35:54.510,2016-10-23 23:54:24.140,NULL,10158,100158
802,2019-01-23 20:52:08.170,2019-03-02 01:58:42.510,2019-02-23 21:43:38.940,11780,101780
803,2020-05-17 01:09:44.060,2020-06-14 05:22:39.800,2020-06-08 13:47:21.000,11220,101220
804,2015-01-02 21:45:44.890,2015-01-24 13:15:04.790,2015-01-26 00:03:21.850,10664,100664
805,2019-05-20 02:56:21.060,2019-06-14 03:15:39.700,2019-06-30 09:35:29.210,10521,100521
806,2017-12-23 18:28:23.720,2018-01-23 01:17:29.760,2018-03-26 02:41:12.350,11071,101071
807,2018-01-05 01:51:34.230,2018-02-01 17:55:12.800,2018-04-27 19:19:02.880,11514,101514
808,2016-05-23 17:48:10.550,2016-06-17 00:23:12.420,2016-08-14 09:16:58.040,10660,100660
809,2017-06-06 18:40:20.800,2017-07-05 03:26:44.080,2017-06-15 22:48:02.900,11404,101404
810,2019-01-01 11:40:23.630,2019-02-04 14:09:48.560,2019-01-17 05:17:57.270,10667,100667
811,2020-10-07 17:20:55.550,2020-11-02 11:06:58.560,2021-02-01 12:50:20.700,10323,100323
812,2016-07-10 09:16:16.010,2016-08-15 14:15:59.330,2016-10-28 15:47:54.680,11227,101227
813,2017-09-11 14:45:58.240,2017-10-15 04:21:37.230,2017-12-15 09:09:08.430,11716,101716
814,2015-08-06 19:16:20.810,2015-09-06 02:35:40.030,2015-08-29 06:41:04.040,11383,101383
815,2016-05-03 20:59:27.720,2016-06-04 13:24:57.680,2016-07-17 08:10:04.590,11599,101599
816,2019-09-08 17:26:47.230,2019-10-14 09:31:42.090,2019-12-01 06:29:51.330,10069,100069
817,2014-07-06 11:36:22.130,2014-07-29 00:37:09.440,2014-07-14 01:44:43.170,11124,101124
818,2018-09-13 04:18:59.730,2018-10-08 03:21:34.950,2018-10-12 13:22:29.420,11090,101090
819,2019-08-12 04:44:04.050,2019-09-17 07:45:22.390,2019-09-02 16:06:00.400,10500,100500
820,2019-03-22 01:04:08.130,2019-04-30 04:23:28.430,NULL,10792,100792
821,2017-10-10 19:03:50.980,2017-11-08 17:37:52.680,2018-02-05 18:37:34.140,10717,100717
822,2014-08-29 11:47:53.810,2014-10-06 14:45:24.130,2014-11-12 02:24:58.080,11575,101575
823,2019-07-08 05:20:39.120,2019-08-11 14:02:11.070,2019-07-10 05:17:59.340,10548,100548
824,2017-08-13 15:55:43.540,2017-09-13 11:45:12.900,2017-08-29 07:54:55.150,11775,101775
825,2017-12-03 09:39:19.170,2018-01-07 09:48:57.610,2018-03-10 09:47:34.670,10827,100827
826,2017-12-31 01:09:36.740,2018-02-04 05:29:07.330,2018-02-26 10:31:20.350,11408,101408
827,2017-03-03 21:27:08.270,2017-04-10 19:55:38.380,2017-05-31 01:48:26.640,10571,100571
828,2018-01-12 12:02:14.690,2018-02-04 09:59:35.210,2018-03-09 15:35:25.340,11668,101668
829,2016-01-22 07:11:53.460,2016-02-29 09:45:52.970,2016-01-31 22:28:14.720,11620,101620
830,2015-01-18 10:32:12.100,2015-02-23 21:28:27.000,2015-04-28 19:18:20.300,10868,100868
831,2014-06-25 09:40:07.340,2014-07-25 09:17:11.270,2014-07-19 07:00:02.920,11067,101067
832,2020-10-10 13:44:25.250,2020-11-08 10:36:03.680,2020-11-23 07:29:55.290,11337,101337
833,2015-08-20 17:28:55.330,2015-09-23 07:36:31.830,2015-11-16 14:34:57.130,10338,100338
834,2016-08-19 17:32:05.810,2016-09-11 01:06:28.830,2016-08-28 12:11:01.860,11709,101709
835,2015-10-09 06:41:18.940,2015-11-04 03:34:41.020,2016-02-02 04:54:25.160,10427,100427
836,2020-08-14 08:30:39.730,2020-09-14 14:38:14.460,2020-08-14 16:26:13.240,10000,100000
837,2019-02-14 04:41:42.480,2019-03-17 20:37:21.030,2019-03-14 13:00:40.570,10969,100969
838,2020-04-21 23:57:45.420,2020-05-17 12:07:29.620,2020-08-10 08:03:47.640,11430,101430
839,2018-07-16 12:11:56.270,2018-08-25 00:33:24.600,2018-09-02 16:10:22.710,10737,100737
840,2017-01-29 21:47:11.410,2017-02-27 17:29:36.690,2017-04-17 15:09:50.620,10199,100199
841,2019-11-10 17:56:02.600,2019-12-16 19:52:46.630,2019-12-05 23:37:09.270,11081,101081
842,2018-07-09 19:16:35.250,2018-08-16 02:44:54.290,2018-07-10 20:20:44.050,11591,101591
843,2018-02-15 16:34:02.160,2018-03-18 17:18:52.310,2018-03-17 04:27:34.070,10392,100392
844,2020-04-05 22:16:07.560,2020-05-01 16:17:35.610,2020-05-08 19:06:09.670,11772,101772
845,2018-11-27 15:59:14.200,2019-01-03 20:50:33.650,2019-02-03 20:26:26.500,11541,101541
846,2018-11-29 09:10:08.070,2018-12-25 07:01:28.250,2018-12-30 06:52:24.230,11735,101735
847,2019-09-04 17:07:14.190,2019-10-04 04:43:09.500,2019-11-02 07:32:46.280,10431,100431
848,2020-11-25 15:37:47.970,2020-12-29 10:31:43.020,2021-03-03 07:59:16.910,11801,101801
849,2015-10-15 23:59:18.820,2015-11-21 00:56:16.200,2015-11-20 03:52:35.520,11705,101705
850,2016-03-31 03:04:39.650,2016-04-30 21:56:42.730,2016-04-22 07:09:01.450,11366,101366
851,2020-12-14 23:54:44.110,2021-01-14 02:15:20.510,2021-02-07 11:17:59.360,10115,100115
852,2017-07-23 04:25:20.190,2017-08-23 09:00:20.010,2017-07-25 01:56:12.460,10915,100915
853,2020-12-01 15:24:35.070,2021-01-10 10:09:28.620,2021-03-21 03:25:13.580,10713,100713
854,2018-04-30 13:32:10.890,2018-05-27 14:04:01.690,2018-05-09 17:13:02.710,10114,100114
855,2017-05-23 15:07:20.030,2017-06-15 03:32:28.890,NULL,10780,100780
856,2016-07-02 10:48:00.690,2016-08-01 09:09:01.000,2016-09-30 03:25:01.250,11675,101675
857,2020-07-18 15:31:29.060,2020-08-10 11:56:32.440,2020-09-15 04:40:00.350,10538,100538
858,2017-03-08 09:14:00.510,2017-04-14 17:37:27.890,2017-04-03 22:31:14.790,11369,101369
859,2018-01-30 12:06:25.730,2018-02-26 03:26:08.190,2018-02-14 20:58:45.880,11837,101837
860,2015-10-23 01:46:44.320,2015-11-21 21:46:33.380,NULL,10037,100037
861,2015-03-26 21:01:15.450,2015-04-28 05:21:52.380,2015-05-11 09:30:37.900,11560,101560
862,2020-12-23 13:49:19.550,2021-01-17 07:55:38.590,2021-03-19 06:45:13.910,11354,101354
863,2014-10-05 10:36:17.080,2014-10-31 14:37:20.440,2014-12-17 12:54:07.870,11741,101741
864,2016-10-22 08:08:08.700,2016-11-23 05:58:18.080,2016-11-27 12:47:47.680,11363,101363
865,2018-12-12 02:00:16.280,2019-01-05 04:52:38.270,2019-03-25 04:11:24.670,11225,101225
866,2020-12-28 03:36:30.310,2021-02-03 00:30:55.900,2021-04-09 10:19:10.610,11180,101180
867,2015-04-25 15:47:20.680,2015-05-18 06:39:28.500,2015-08-08 22:35:08.210,11856,101856
868,2015-06-27 21:13:52.420,2015-07-29 03:15:09.390,2015-09-27 21:05:57.020,10888,100888
869,2020-10-28 12:35:01.870,2020-11-21 23:01:00.010,2020-11-26 10:58:26.220,11542,101542
870,2016-09-19 12:28:48.000,2016-10-09 22:46:44.220,2016-12-30 00:21:31.620,11814,101814
871,2014-12-28 12:45:04.750,2015-01-21 12:54:22.060,2015-04-06 08:55:09.730,11075,101075
872,2015-03-16 11:38:36.710,2015-04-22 12:29:40.830,2015-04-07 15:07:47.420,11445,101445
873,2014-08-02 16:07:03.460,2014-08-28 02:48:11.350,2014-09-17 18:58:43.230,11839,101839
874,2016-12-15 06:56:52.630,2017-01-11 14:15:46.680,2017-03-18 11:53:55.510,10300,100300
875,2020-05-11 07:08:05.530,2020-06-03 08:30:42.800,2020-07-29 17:18:01.140,11669,101669
876,2020-04-02 23:47:15.730,2020-05-04 14:52:59.400,2020-06-13 15:28:07.210,10376,100376
877,2017-07-13 19:13:51.650,2017-08-09 21:26:32.810,2017-11-07 00:54:42.340,11436,101436
878,2020-04-02 07:04:31.570,2020-04-30 21:44:36.470,2020-07-28 05:34:06.920,10289,100289
879,2019-09-16 23:56:29.350,2019-10-20 14:54:40.270,2019-11-01 02:40:02.700,10013,100013
880,2020-01-05 00:29:11.110,2020-02-03 02:47:30.360,2020-04-03 03:36:30.230,11105,101105
881,2019-04-28 08:02:22.550,2019-05-24 00:45:58.830,2019-07-04 19:34:22.870,11441,101441
882,2017-04-08 05:49:20.310,2017-05-02 09:23:56.360,2017-06-13 08:15:20.640,11825,101825
883,2016-09-01 12:02:55.860,2016-09-28 09:03:20.010,2016-12-29 06:59:08.380,10303,100303
884,2020-10-23 04:07:13.820,2020-11-19 11:49:11.250,2021-02-10 16:07:04.250,10492,100492
885,2015-02-03 10:37:27.990,2015-03-01 19:13:07.480,2015-02-24 10:17:22.930,10752,100752
886,2017-12-03 05:14:47.150,2018-01-11 00:16:52.270,2018-03-20 16:26:47.620,11402,101402
887,2020-11-08 22:19:50.190,2020-12-08 00:26:36.080,NULL,10590,100590
888,2018-04-22 03:56:44.440,2018-05-18 17:32:31.130,2018-06-07 01:19:38.380,11645,101645
889,2020-03-29 02:24:45.790,2020-05-07 21:34:00.960,2020-04-20 02:13:50.090,11756,101756
890,2020-04-07 19:53:18.250,2020-05-13 18:25:41.020,2020-06-01 01:38:10.790,10412,100412
891,2014-07-01 16:59:10.660,2014-07-30 02:41:43.000,2014-09-18 10:24:21.630,11752,101752
892,2016-05-12 19:27:41.960,2016-06-16 02:59:54.140,2016-06-20 21:29:38.450,10331,100331
893,2016-08-25 11:51:19.690,2016-10-03 08:41:22.440,2016-10-21 20:55:55.620,11835,101835
894,2017-02-26 10:25:11.940,2017-03-28 02:46:52.210,2017-05-31 05:03:32.180,11460,101460
895,2016-04-10 00:45:55.960,2016-05-16 12:07:45.320,2016-04-23 00:12:34.900,11471,101471
896,2019-11-18 04:06:43.060,2019-12-19 11:57:09.040,NULL,11025,101025
897,2018-03-09 08:40:18.170,2018-04-09 12:07:34.840,2018-05-13 04:16:58.940,11533,101533
898,2015-09-29 08:25:53.460,2015-11-07 11:20:35.240,2015-12-20 19:28:26.540,11023,101023
899,2015-09-28 20:15:51.270,2015-10-20 11:24:58.320,2015-10-03 11:20:40.680,11600,101600
900,2018-11-30 12:22:43.890,2018-12-20 20:19:38.750,2019-03-19 13:24:12.590,11890,101890
901,2018-01-08 17:22:47.390,2018-02-01 00:22:00.750,2018-01-26 16:15:48.800,11863,101863
902,2018-08-12 19:53:21.770,2018-09-20 01:28:01.110,2018-09-29 01:04:14.390,10543,100543
903,2014-07-03 03:02:46.090,2014-08-01 11:30:44.000,2014-08-19 17:05:01.680,10361,100361
904,2020-01-26 11:30:30.830,2020-03-02 02:09:32.980,2020-05-01 16:05:39.530,11763,101763
905,2015-09-06 14:19:34.900,2015-10-03 09:02:21.670,2015-09-08 13:38:27.710,11865,101865
906,2020-03-05 12:16:07.400,2020-04-07 13:45:40.690,2020-05-21 14:48:56.880,11540,101540
907,2017-05-25 12:18:16.730,2017-06-20 06:12:09.650,2017-09-21 08:29:41.700,11582,101582
908,2018-05-22 08:27:42.430,2018-06-23 19:53:42.920,2018-06-04 08:51:49.420,11889,101889
909,2018-12-20 06:24:05.360,2019-01-13 05:33:19.890,2019-03-26 07:36:48.390,10797,100797
910,2018-02-19 15:20:04.300,2018-03-22 12:39:30.490,2018-05-11 21:46:17.680,11475,101475
911,2019-12-20 15:34:09.050,2020-01-12 11:42:29.200,2020-02-01 02:55:06.720,11321,101321
912,2014-09-20 08:26:57.480,2014-10-24 14:11:56.970,2014-10-28 04:46:45.500,10248,100248
913,2018-06-22 09:17:31.170,2018-07-16 02:42:48.630,2018-07-05 07:17:33.310,11271,101271
914,2019-01-26 11:37:14.630,2019-03-05 00:38:38.840,2019-04-29 05:44:40.840,11860,101860
915,2017-06-26 17:44:21.770,2017-07-20 21:00:35.540,2017-07-10 04:09:20.710,10984,100984
916,2018-12-18 15:11:55.150,2019-01-15 19:57:57.020,2019-02-14 01:21:51.310,10425,100425
917,2018-09-26 01:46:23.680,2018-11-02 22:52:19.570,2018-12-02 23:06:44.510,10646,100646
918,2014-12-13 06:29:03.270,2015-01-21 02:48:10.210,NULL,10556,100556
919,2016-02-21 21:30:40.700,2016-03-18 10:45:11.590,2016-05-31 07:34:03.830,11410,101410
920,2015-06-13 20:45:29.130,2015-07-09 04:35:47.010,2015-09-08 18:45:11.970,11750,101750
921,2014-07-24 05:16:40.120,2014-08-21 00:04:20.810,2014-10-14 19:34:41.480,10428,100428
922,2018-01-03 11:50:36.240,2018-02-08 13:06:58.370,NULL,11596,101596
923,2016-03-30 18:49:06.630,2016-05-01 05:41:09.440,2016-04-14 23:48:51.660,11766,101766
924,2014-12-25 16:41:43.610,2015-01-23 04:35:19.980,2015-04-20 07:40:52.540,10312,100312
925,2016-08-23 19:29:37.330,2016-09-24 20:05:02.210,2016-10-19 04:49:24.690,11099,101099
926,2019-08-17 17:17:22.800,2019-09-16 09:54:28.930,2019-11-09 00:16:07.020,11002,101002
927,2019-07-21 23:47:17.030,2019-08-29 03:48:19.400,2019-08-28 17:54:30.090,11871,101871
928,2018-06-06 05:41:51.520,2018-07-12 00:01:20.150,2018-08-15 10:40:05.910,10499,100499
929,2015-02-09 06:10:56.670,2015-03-12 02:08:02.370,2015-04-12 16:01:44.790,10010,100010
930,2014-11-27 03:01:22.470,2014-12-28 20:33:34.760,2015-01-07 14:06:52.510,11527,101527
931,2016-06-29 15:06:57.560,2016-07-20 02:45:25.560,2016-08-16 23:57:49.030,10083,100083
932,2016-03-19 10:47:58.180,2016-04-16 10:05:58.570,2016-04-21 14:13:00.010,11073,101073
933,2018-12-08 10:48:40.300,2019-01-04 10:19:39.140,2019-01-05 20:09:03.410,10053,100053
934,2015-03-22 11:33:45.460,2015-04-24 18:35:02.510,2015-07-17 10:41:08.990,10550,100550
935,2016-05-31 07:06:23.720,2016-06-26 02:25:30.610,2016-08-06 07:42:26.790,11571,101571
936,2015-02-18 12:09:00.780,2015-03-17 23:17:58.730,2015-02-25 16:48:23.760,11301,101301
937,2017-03-11 02:46:34.210,2017-04-14 21:53:13.360,2017-06-18 02:23:09.150,11888,101888
938,2017-08-07 00:32:25.040,2017-09-07 06:53:48.040,2017-12-02 22:05:06.770,11717,101717
939,2019-07-22 13:47:38.910,2019-08-12 02:46:50.560,2019-09-02 02:52:43.440,10472,100472
940,2015-11-30 22:21:20.600,2016-01-03 05:27:27.810,2016-03-01 05:18:13.230,11377,101377
941,2014-12-13 16:56:30.420,2015-01-15 18:04:43.610,NULL,11878,101878
942,2016-11-22 13:52:07.750,2016-12-29 04:32:54.150,2017-01-25 16:59:16.260,11203,101203
943,2020-05-02 21:32:39.080,2020-05-25 11:59:12.240,2020-06-13 13:56:03.120,11572,101572
944,2016-07-12 11:04:41.480,2016-08-10 08:54:31.450,2016-11-01 02:53:07.950,11765,101765
945,2014-09-22 04:19:09.200,2014-10-25 06:43:12.810,2014-09-30 03:34:58.150,11115,101115
946,2020-10-11 08:32:13.190,2020-11-14 12:29:47.050,2020-10-22 18:31:31.620,10213,100213
947,2018-11-21 10:10:10.800,2018-12-22 00:17:06.510,NULL,11427,101427
948,2018-07-31 00:14:05.070,2018-08-21 08:02:44.600,2018-10-23 15:10:46.640,11248,101248
949,2020-09-01 16:40:50.170,2020-09-27 05:46:17.670,2020-12-10 05:08:57.800,11513,101513
950,2018-04-23 09:34:00.820,2018-05-21 16:09:49.300,2018-05-09 18:59:06.330,11372,101372
951,2015-07-28 02:20:19.370,2015-08-30 13:04:50.470,2015-10-01 21:45:29.190,10879,100879
952,2017-08-30 02:11:14.890,2017-10-01 09:19:25.620,2017-11-04 10:05:46.170,11685,101685
953,2020-08-07 10:55:12.770,2020-09-10 00:35:24.650,NULL,11477,101477
954,2014-09-19 23:30:22.140,2014-10-26 06:49:12.310,2014-11-02 22:10:00.120,11698,101698
955,2018-10-12 07:06:03.770,2018-11-13 20:15:18.940,2018-11-17 15:34:28.840,11387,101387
956,2014-06-10 05:32:11.140,2014-07-07 11:15:03.370,2014-08-14 07:38:30.250,11688,101688
957,2016-10-17 01:04:15.130,2016-11-12 19:46:52.660,2017-01-10 10:37:33.780,11424,101424
958,2020-07-08 10:21:02.480,2020-07-29 06:55:25.020,2020-10-31 23:23:53.720,10049,100049
959,2017-11-06 16:00:53.490,2017-11-30 06:04:31.750,2017-12-18 16:47:42.550,10113,100113
960,2017-01-19 21:02:12.110,2017-02-25 23:07:53.750,2017-04-23 17:03:56.770,11662,101662
961,2015-01-18 12:28:50.370,2015-02-22 09:57:22.290,2015-02-09 20:22:43.860,11808,101808
962,2019-12-20 06:36:25.210,2020-01-19 06:10:50.510,2020-04-09 02:27:31.480,10215,100215
963,2017-09-15 02:16:45.760,2017-10-06 17:45:41.540,2017-12-08 09:20:18.130,11605,101605
964,2018-06-28 03:22:42.890,2018-07-30 08:59:46.130,2018-08-25 13:50:39.530,10007,100007
965,2016-01-26 00:13:06.730,2016-02-25 09:54:05.920,2016-03-17 18:33:46.150,11525,101525
966,2018-03-07 04:46:10.860,2018-04-11 01:36:31.630,2018-03-21 21:28:13.210,11429,101429
967,2016-10-12 21:38:17.190,2016-11-09 03:52:18.830,2016-12-29 06:44:13.110,11234,101234
968,2017-09-04 21:43:45.710,2017-10-05 08:07:47.120,NULL,10072,100072
969,2017-01-30 04:30:50.900,2017-03-02 22:13:09.210,2017-04-24 20:04:07.420,11224,101224
970,2016-10-11 05:35:20.990,2016-11-16 21:42:37.820,2016-12-13 03:23:03.190,11767,101767
971,2016-03-13 12:25:20.930,2016-04-15 22:04:44.660,2016-05-05 09:31:12.190,10302,100302
972,2015-07-25 01:13:58.640,2015-08-20 15:58:32.520,2015-09-08 13:27:33.790,10524,100524
973,2016-05-23 16:41:24.360,2016-07-01 00:01:20.640,2016-08-22 12:25:10.320,11930,101930
974,2014-08-26 23:09:20.090,2014-09-28 05:17:44.780,2014-09-01 16:30:00.240,11652,101652
975,2014-12-04 03:48:58.710,2015-01-05 10:31:04.400,2015-03-27 22:19:50.990,11665,101665
976,2018-08-31 15:24:32.370,2018-10-01 19:31:27.670,2018-09-16 04:16:50.590,11703,101703
977,2018-09-02 14:17:57.160,2018-10-06 01:07:47.130,2018-09-18 11:22:49.790,11867,101867
978,2020-09-18 07:44:25.160,2020-10-10 20:46:38.990,2020-12-23 22:07:54.370,10047,100047
979,2014-09-07 12:22:34.410,2014-10-12 21:52:08.180,2014-10-12 19:18:50.020,11754,101754
980,2016-11-12 10:57:24.150,2016-12-20 07:35:16.180,2016-12-27 16:33:43.950,10855,100855
981,2015-03-01 07:07:11.990,2015-04-09 09:37:23.420,2015-05-31 05:36:47.890,10060,100060
982,2015-05-26 23:33:11.950,2015-07-02 19:45:35.790,2015-06-03 05:17:09.020,11208,101208
983,2018-10-04 13:01:01.350,2018-11-03 18:15:03.480,2019-01-16 18:00:52.850,11761,101761
984,2017-10-18 20:36:55.850,2017-11-10 09:58:14.070,2018-01-18 15:00:02.650,10145,100145
985,2020-05-02 00:41:03.110,2020-06-09 07:28:45.300,2020-08-13 19:11:40.710,10910,100910
986,2019-10-31 12:55:42.670,2019-11-28 17:26:00.940,2019-11-21 21:37:51.210,10348,100348
987,2016-08-11 23:52:45.420,2016-09-15 09:30:34.930,2016-08-16 09:25:50.980,11324,101324
988,2018-08-23 11:18:18.150,2018-09-23 03:30:27.820,2018-12-17 13:14:36.000,10111,100111
989,2017-06-10 04:27:41.690,2017-06-30 22:19:44.570,2017-10-05 16:53:34.760,11592,101592
990,2016-05-26 01:34:12.570,2016-07-03 15:10:28.240,2016-06-07 01:56:39.970,11804,101804
991,2019-05-04 11:04:45.650,2019-05-25 03:31:07.070,2019-07-31 12:23:29.370,11252,101252
992,2017-09-02 16:25:31.740,2017-10-06 14:57:49.340,2017-11-04 16:12:37.200,11597,101597
993,2020-09-30 08:31:31.550,2020-10-28 00:49:17.290,2020-10-01 18:36:04.830,11963,101963
994,2016-12-04 16:45:26.800,2016-12-28 03:38:57.820,2016-12-29 16:34:41.800,11097,101097
995,2015-04-17 09:52:30.230,2015-05-25 19:30:06.520,2015-05-20 18:30:09.560,11331,101331
996,2015-12-25 10:20:05.210,2016-01-17 11:53:54.100,2016-03-11 02:02:47.660,10798,100798
997,2020-03-09 11:35:22.000,2020-04-13 10:47:13.610,2020-03-16 13:16:58.450,11956,101956
998,2016-04-09 18:09:56.190,2016-05-10 02:59:27.110,2016-06-26 00:11:29.350,11338,101338
999,2014-11-20 10:51:34.740,2014-12-28 23:00:26.530,2014-12-23 07:20:31.720,10398,100398
1000,2017-07-17 23:32:58.350,2017-08-25 05:06:42.200,2017-07-30 08:19:28.430,10604,100604
1007,2019-05-17 14:46:04.847,2019-07-07 14:46:04.957,NULL,10467,100000
1008,2019-05-18 14:25:17.027,2019-06-17 14:25:17.130,NULL,10453,349999

(1002 rows affected)

