ISBN,Title,Edition
0000061319726,Truzapedentor,7
0000517922581,Sursaponower,9
0000667873550,Kliglibower,12
0000822048766,Cipglibexower,8
0000887078987,Suppebopin,12
0000942715049,Winhupan,4
0000945245025,Zeetinefistor,2
0001387557022,Inerower,12
0001477119754,Barvenopower,4
0001485585,Parhupanower,12
0001560318,Zeeericax,9
0001672705948,Dopwerpanar,15
0001682347390,Ciptinollor,13
0001686634061,Hapfropicazz,5
0001704221388,Happebax,3
0001740808,Tupvenax,3
0001823315326,Upcadex,4
0001838385,Zeesapopazz,12
0001848532,Barwerpilax,8
0001915347,Rapcadedentor,11
0002320593828,Klidimamin,15
0002420830,Monweristor,12
0002466618921,Partumin,8
0002680766,Grosapan,10
0002686986,Surnipover,15
0002799061815,Zeetanex,9
0002803791,Winglibamazz,5
0002832814800,Gronipicator,9
0002893351946,Rewerpover,7
0002914101273,Emtumaquor,14
0003138601,Groquestedgax,2
0003266981321,Dopcadilantor,11
0003333935913,Qwipebanistor,14
0003399207,Rapsipilover,1
0003433121410,Recadackower,9
0003450693005,Tupsipazz,1
0003823527322,Varglibistor,9
0003863500264,Grotumanower,8
0004016575316,Inwerpefex,10
0004043495379,Resapax,3
0004175852742,Uptinefistor,5
0004338140556,Qwiquestex,13
0004387765,Unrobegan,7
0004488334,Tipfropex,1
0004635383,Winsipexar,3
0004926434,Winvenopower,9
0005237603,Untanax,6
0005256204940,Dopfropower,15
0005294707,Suptanover,1
0005331079407,Uncadentor,3
0005470296,Dopnipazz,4
0005828578361,Qwihupedazz,15
0005838758147,Dopbanexover,12
0005885327,Tuppickopantor,5
0006053914241,Surhupex,5
0006159454076,Dopmunaquistor,10
0006278760058,Haptineficator,2
0006431554912,Surpeban,7
0006434565,Dopwerpackazz,8
0006435431,Thrududicor,14
0006474979,Monhupexan,11
0006789588,Inpebower,5
0006809490126,Happebax,14
0006995557456,Vartinedower,13
0007016128570,Lomrobantor,13
0007072794694,Rapquestupan,4
0007090894,Monquestentor,3
0007153044081,Qwijubopin,6
0007210184,Supwerpistor,14
0007227258984,Dopquestazz,2
0007248068541,Ciptinover,8
0007343207,Groeropex,15
0007437973,Endzapepex,11
0007486338,Sursipazz,1
0007533228558,Unrobollentor,1
0007694532358,Grosapedower,13
0007753928452,Grosipar,1
0008340414,Zeehupistor,12
0008368451479,Tupwerpex,7
0008483876,Raptinentor,3
0008684307101,Gropickan,13
0008814979809,Cipdimopentor,12
0008851337,Qwiwerackin,1
0008991247791,Klinipupicator,6
0009222515,Surwerpan,7
0009301488071,Trurobantor,8
0009311807,Varcadadower,11
0009498769,Undimonentor,11
0009579232,Qwimunantor,4
0009894585,Inglibicator,14
0010051142,Rapcadexan,8
0010135314,Cipquestantor,7
0010308513,Unsapistor,11
0010335521,Thrupebicator,11
0010420876119,Adquestantor,12
0010577855,Lomwerpupax,10
0010665325706,Tupwerar,14
0010705187568,Thrusapax,2
0010711994753,Parsipanicator,9
0010755099534,Adglibin,15
0010867867,Pareregor,9
0010909204,Winfropefower,12
0011101985255,Rekililentor,1
0011168262074,Addimollazz,14
0011184357261,Bardudin,9
0011247219,Gromunicentor,6
0011283439,Thrurobilan,3
0011438496,Unvenentor,14
0011494420640,Dopcadistor,11
0011869123998,Zeevenexover,2
0011901001302,Adtumimex,13
0012072653826,Bartanazz,7
0012080345072,Trumunax,8
0012113504,Zeeerantor,14
0012231933,Suppickax,9
0012400533,Supzapaquin,4
0012457702,Tipzapazz,4
0012492510713,Undimegin,7
0012498037,Gropickover,12
0012711081849,Rapvenepazz,4
0012855882933,Haphupistor,1
0013081313661,Ciptanazz,12
0013089606041,Adhupover,13
0013112473322,Frozapexan,2
0013379162,Trupickazz,11
0013432447103,Klihupilex,4
0013511720,Suptinegazz,4
0013532383566,Rapglibentor,11
0013708157097,Emmunicator,1
0013898241121,Dopmunicator,8
0013961435,Lomwericator,8
0013965882,Trutanegentor,6
0013976593,Uprobilar,5
0013987431355,Frosapax,4
0014025332021,Tupcadedgover,7
0014107520,Upmunazz,12
0014154643,Varrobistor,10
0014251100,Zeejubazz,15
0014295947903,Hapkilantor,2
0014489776159,Supjubover,4
0014490842,Trupickupentor,15
0014516079122,Tuprobaquin,14
0014597359276,Lomkilicax,12
0014672948,Endhupex,1
0014679579354,Monvenupentor,15
0014770020226,Barbanamar,14
0014814944,Frojubanower,9
0014862188615,Cipdimaquicator,1
0015016849,Klitanicax,15
0015197964979,Thruzapazz,11
0015231612184,Adhupefentor,11
0015574290,Unquestommar,2
0015584916976,Tipwerpedgax,5
0015615868,Surwerazz,8
0015747721,Adcadazz,1
0015862218,Invenplor,6
0015911111,Surtumicentor,1
0015986918190,Hapmunistor,5
0016372011970,Doptaniman,6
0016374224,Rerobower,7
0016466663,Qwitinax,2
0016502876,Grohupower,15
0016535101,Surwericator,9
0016704685214,Winsapopentor,9
0016728619417,Varmunar,5
0016801144780,Parwerax,1
0017028960379,Barzapan,10
0017035656,Winhupinax,5
0017205921359,Qwidudplentor,6
0017317061275,Parsipar,1
0017476998,Grojubentor,10
0017602833278,Tuppebentor,5
0017736874,Dopglibewantor,13
0017742263355,Supdudexor,5
0017826467089,Uperover,6
0017963249641,Thruhupollax,5
0018149930923,Endnipower,3
0018217294,Wintinover,15
0018280065,Grotinadin,1
0018453773,Parwerexin,15
0018521361,Thrudimedar,5
0018667381,Endsipilover,14
0018738144,Cipglibover,14
0018802840,Monhupefantor,3
0019015498,Barzapinover,2
0019212025,Sursapantor,6
0019277794,Tipmunover,8
0019344913256,Tipquestentor,9
0019564086742,Cipkilazz,9
0019573332,Frocadegistor,10
0019573675188,Adnipeficator,12
0019956801,Zeepebicator,4
0019962024421,Unrobamentor,14
0019964743,Kliwerpazz,6
0020029885,Vardimegin,8
0020035230817,Supbanupentor,7
0020068563,Frotinantor,1
0020107511128,Winsipepor,7
0020180539983,Klirobepantor,11
0020500121,Empebicator,5
0020682433,Barjubover,4
0020749990,Barvenor,13
0020750139972,Dopmunonantor,1
0020800633674,Inzapplor,1
0020823904,Monbanar,9
0020929817527,Surpickan,8
0021029657,Winpebex,1
0021495720,Ciptinower,14
0021510367,Insapimor,4
0021697589108,Barglibentor,4
0021759423093,Supfropefin,6
0021809216481,Repebantor,5
0021845435,Undudicentor,13
0022204470,Inzapewor,8
0022220493,Montumover,11
0022393697342,Varmunanantor,7
0022451307,Tipwerpopistor,1
0022514825,Upsipamazz,11
0022780372975,Qwiquestackax,9
0022857465,Endsipar,2
0022981720980,Unzapax,13
0023034433033,Inkilonin,7
0023060567735,Intinedex,9
0023116027,Tiptanantor,3
0023295214,Tupsapamin,15
0023394275,Varhupilin,14
0023404285,Lomnipover,6
0023457744207,Qwidimaquan,4
0023572925825,Zeesipinistor,14
0023749123137,Gromunazz,6
0023761061345,Varbanentor,9
0023966932114,Frorobplan,4
0024090718,Unweropar,12
0024105206,Truquestentor,6
0024130703,Kliquestan,10
0024202132245,Zeewerupax,9
0024394029,Doppebantor,14
0024424137947,Frohupackan,10
0024446788,Hapkilopan,2
0024466956386,Monnipackar,3
0024501517595,Winkiledgor,11
0024513016348,Pardimar,13
0024620241508,Suppickexin,15
0024706061466,Varvenadax,4
0024707736,Parsapicator,12
0024737750582,Lomglibonentor,15
0024751559074,Qwirobentor,4
0024800515745,Winhupan,4
0025045997607,Trududex,2
0025120733,Lomsapedgin,3
0025176533869,Tupfropex,3
0025400841,Dopjubor,4
0025437550795,Tuptumupan,4
0025552555,Emjubower,6
0025601856871,Parquestex,7
0025616273,Qwiquestupantor,9
0025704976644,Wintinefower,3
0025826393,Zeewerpaquex,4
0025871570,Qwitumantor,6
0025890573603,Parrobistor,4
0025978560966,Truquestax,9
0025981733,Rapweronover,1
0026071103414,Thrufropefar,13
0026087032995,Monkilupax,7
0026179900,Montumollicator,9
0026213639,Supsapentor,7
0026285776713,Trutumower,4
0026286410684,Adtuman,12
0026355006194,Supjubicin,12
0026376753378,Barglibadar,14
0026452108,Hapjubadin,6
0026488544,Qwisapentor,6
0026582169,Supsipanentor,7
0026610503466,Tipsipor,13
0026644588389,Suppickefantor,4
0026744443546,Intanedentor,1
0026870254999,Lompebin,13
0026892144491,Winzapax,9
0027293526,Zeevenower,5
0027356154536,Suppickaquower,12
0027398624055,Unjubin,11
0027742387,Barrobicator,14
0027801447,Truweranax,7
0027919756484,Surpickackower,1
0028054969,Qwipebedgor,14
0028193825,Ciptanantor,15
0028246134,Tupcadicar,7
0028495285,Surjubentor,5
0028538035194,Groquestentor,5
0028702191,Ciphupin,11
0028973259,Thrunipaquentor,13
0029165031,Vartinollax,4
0029439238,Supfropinover,15
0029563861,Emweror,11
0029601033,Frobanamar,11
0029655653,Klitumepar,2
0029706530,Uphupentor,7
0029814906202,Recador,7
0030004134,Dopwerpaquax,3
0030157917617,Winsiponicator,8
0030447000247,Retinupicator,13
0030464510155,Bardiman,5
0030482952417,Sureredantor,10
0030564265,Dophupicower,12
0030599213571,Tipsapilin,2
0030610580,Adweropar,4
0030638494195,Emquestegantor,10
0030915280,Surkilar,3
0031079797639,Doprobicator,15
0031190396,Addimax,14
0031498136,Frodudexazz,1
0031748039,Thruquestin,1
0031983277,Lomquestommazz,7
0032003998029,Uprobonor,8
0032126757,Lomrobimantor,1
0032430812,Trudimantor,2
0032480922,Tipdimadower,10
0032579855,Lomsipedistor,1
0032621447060,Cipnipan,9
0032773572,Trucadupazz,14
0033043650,Adsipadistor,14
0033082103117,Groeredgover,2
0033091768069,Hapnipommentor,3
0033127451,Dophupepistor,8
0033204725985,Frorobefazz,1
0033259441500,Unzapar,15
0033331340361,Parkilazz,5
0033365195,Redimollantor,11
0033371055136,Montanax,3
0033393655,Vartanax,10
0033432235,Cipfropamin,8
0033853345,Endericator,11
0034038631,Lommunan,8
0034122579586,Kliwerar,14
0034165845,Dopwerpedover,14
0034245863992,Thrubanadex,5
0034267208,Rapbanicax,11
0034340061309,Rapquestover,11
0034375694345,Barsapistor,7
0034419938667,Inzapicator,12
0034506994151,Thrutanex,5
0034605623593,Emtinower,13
0034719399760,Qwicadentor,12
0034775601,Cipsipplazz,3
0034893079149,Tuppickexex,7
0034975071466,Tuptanax,7
0035068932,Unerin,2
0035118066,Surhupefantor,8
0035129509,Unkilin,11
0035133299137,Barpebopower,4
0035394408662,Rapkilan,12
0035398792139,Hapjubower,13
0035426699615,Parcadinex,15
0035504025,Tupfropentor,11
0035517692,Supnipax,3
0035572965593,Supkilan,12
0035814216,Embanupor,11
0035833265,Truzapadar,3
0035836658,Varvenover,2
0035930805524,Rapmunefover,11
0036094244535,Trumunopar,8
0036100070715,Dopsipex,9
0036256399992,Cipcadin,1
0036263107,Empebex,11
0036265371,Varzapax,5
0036276616,Thrucadupower,7
0036700659964,Upkilex,13
0036716073,Tuperplin,4
0036764056,Klipickax,6
0036776346828,Vardimollazz,1
0036874302,Tupdimepazz,2
0037009146266,Uptanicator,6
0037142414,Trucadedex,9
0037207235,Monnipover,3
0037348459,Inkililistor,2
0037420256161,Cipjubilicator,6
0037474866071,Tipnipupex,3
0037478276030,Intinaquower,9
0037544431268,Aderupower,8
0037646112623,Wintinilax,2
0037824805,Resapicator,14
0037846015,Endzapower,12
0037880593624,Emvenupentor,4
0037951229,Zeequestover,14
0038037286,Monpebackover,3
0038067145510,Parrobentor,12
0038183133,Vartumanar,13
0038516141,Cipsapover,6
0038615108,Cipkilefover,11
0038617457,Barerommover,11
0039065513,Growerpanower,3
0039441846,Hapdimaquistor,5
0039559973593,Upjubover,3
0039797158,Refropistor,11
0039817049165,Fromunimar,11
0040317768125,Uptinazz,13
0040487749468,Supjubazz,6
0040549410,Uperedex,11
0040615169522,Bartanupantor,4
0040717744146,Zeepickar,3
0040721902,Parerepower,12
0040768525,Adtinantor,6
0040799569,Supdudimentor,13
0040892406455,Rebanopor,3
0041064843,Rappebover,3
0041071399,Tipbanonazz,1
0041075191,Varpickazz,5
0041222478,Hapwerpazz,2
0041407908,Trumunar,8
0041415017567,Trupickupan,5
0041434193,Qwisipower,13
0041464958883,Parsipedazz,10
0041508547,Dopwerefazz,13
0041692447,Barkilazz,8
0041701920,Qwirobaquex,13
0041861965120,Froglibefor,4
0041934294,Dopkilefar,6
0041937318,Upmunefor,11
0042042113,Bardimex,15
0042059559,Barcadewor,4
0042111505372,Adsapar,8
0042205133864,Barmunepor,9
0042333057190,Hapvenor,9
0042357210955,Reeredgin,14
0042395861782,Lompickopin,9
0042417162,Supkilackar,9
0042429441636,Zeepebax,15
0042445015,Rappebimover,2
0042543934653,Surzapantor,13
0042576783,Qwikiledgover,11
0042623750,Doperistor,1
0042623945,Varglibollar,3
0042722939376,Adtininantor,4
0042799827,Endquestefover,5
0042997594204,Thruhupower,7
0043064147083,Tupjubewar,8
0043420233014,Upkilax,3
0043420375,Supquestackan,12
0043447384767,Zeezapepover,7
0043491269,Gropickewax,14
0043505913923,Supsapistor,14
0043528537,Thruglibar,3
0043739307,Doprobador,3
0043794326729,Trueristor,15
0044024928798,Thruzapazz,12
0044101681,Unmunentor,9
0044108588838,Zeedimefin,3
0044269642747,Lomhupilantor,1
0044347485113,Inkilor,11
0044463112527,Cippickinex,9
0044472132052,Vardimentor,9
0044488013426,Trujubackazz,12
0044515678338,Suprobegower,4
0044567994,Kliwerpower,12
0044581354522,Endtumimor,15
0044629910,Tupdimex,11
0044663314,Hapsipicator,1
0044896615524,Froerax,5
0044906931,Trufropefentor,2
0045066192,Cipmunicator,10
0045183477613,Hapzapantor,1
0045264603001,Tipwerimex,5
0045283708183,Truhupantor,13
0045285025693,Grosapedex,11
0045412774,Supsapantor,14
0045706834,Varzapicator,15
0045752587,Unglibanicator,13
0045791414995,Moneristor,12
0045892411,Adnipinin,11
0045990274674,Dopzapackex,4
0046220492970,Thrubanplistor,13
0046277738812,Inbanin,9
0046450232801,Dopsapegazz,1
0046537770,Lomkilackantor,11
0046677465,Trufropex,14
0046725557647,Wincadower,3
0046814249,Hapbanonin,13
0046973934,Adbanover,12
0047015269792,Endbanantor,8
0047024995,Updudan,15
0047152853343,Zeesipefentor,9
0047154143995,Bartanin,7
0047154512702,Unsipor,8
0047252176,Endtanimin,11
0047258553,Vartanor,1
0047353115552,Varpickax,13
0047601249,Trusipupentor,15
0047640757,Endglibefower,7
0047745067009,Unfropin,7
0047774180891,Tupmunover,11
0047787271,Unjubedar,15
0047916922163,Parquestazz,4
0048355059430,Parfropar,15
0048710417491,Cippickin,5
0048858435,Winjubackover,6
0048886809529,Kliquesticator,15
0049259833,Supkilin,15
0049769259,Tupwerpax,5
0049942648844,Raptumedin,13
0050117714,Fromunentor,2
0050342672267,Zeevenaquor,6
0050436223743,Gromunexover,1
0050480954,Emvenadicator,11
0050537692,Haptumepex,15
0050592197601,Monhupepistor,10
0050721327678,Supweredgicator,11
0050767537643,Barfropefentor,4
0050848527,Retinax,11
0050949456,Reglibackicator,7
0050958734,Froeronax,3
0051032317,Tupfropicator,9
0051148243719,Winpebommex,13
0051199981339,Thruzapicin,9
0051237190350,Survenicator,14
0051255974499,Monpickor,11
0051422400938,Tupsipamor,3
0051429591854,Inpickar,6
0051499352,Klivenollan,7
0051499582117,Varbanicator,2
0051538999,Groerupazz,12
0051741511,Endjubedax,1
0051765174940,Thruglibover,11
0051860150432,Uppickicator,15
0051888489170,Grozapanin,1
0052037545460,Unnipentor,4
0052051770,Barerar,10
0052136946717,Varglibegicator,7
0052177946,Tupkilewistor,4
0052598671386,Trubanollistor,12
0052653201,Surwerentor,13
0052655082740,Vardudantor,4
0052751692,Thruquestegar,9
0052816656468,Retanupazz,10
0052836204,Inwerpexantor,12
0052843066102,Qwifropax,7
0052852205618,Resipupin,3
0052897964,Tuphupar,11
0052974968770,Thrukilollower,2
0053209006052,Cipsapax,12
0053246297,Klipickefar,13
0053268035,Revenicator,15
0053393267872,Parsipamar,4
0053508238,Tipwerpax,13
0053650848,Barbanedgan,10
0053684698582,Addudedor,6
0053829597,Truhupor,4
0053868297751,Unfropupan,5
0053886773664,Lomtumin,7
0053924512063,Klinipplax,14
0053928140,Lomweran,7
0053997274950,Tippickax,15
0054069741985,Frobanan,5
0054073567033,Qwisapower,11
0054213580,Suphupedar,4
0054380486742,Barhupantor,12
0054397158,Indudin,10
0054448634,Hapdudor,6
0055100576,Tupdudefax,10
0055216440,Lomjubopistor,1
0055229447752,Endmunan,12
0055269226,Emtumackistor,6
0055329567259,Thruzapower,2
0055652882,Haptumar,1
0055665140,Dopsapan,10
0055669942012,Emtinanax,15
0055902578459,Surmunonazz,2
0055918873,Partananor,5
0055968158585,Truvenax,9
0055978540242,Grodimefower,10
0056023876896,Emwerpex,11
0056034891,Unsapegazz,4
0056105528,Supkilor,13
0056180356494,Monnipar,13
0056384148,Dopkilackantor,9
0056497286,Haprobollentor,4
0056596562,Qwijubackar,7
0056633810783,Varpebin,11
0056729417004,Adnipazz,2
0056837704,Varerax,2
0056878963987,Emmunex,4
0056887051421,Zeetanamantor,13
0056925527,Emglibover,14
0056932624,Advenegar,5
0056958589118,Qwieregax,4
0057067600132,Barbanistor,11
0057099930,Supweror,9
0057169520,Barjubinicator,8
0057257901132,Thruwerexover,3
0057327062820,Supsapar,8
0057329614,Raprobimover,11
0057398606,Winglibicator,3
0057449553599,Adwerin,1
0057532306,Rapdimommin,8
0057565087,Surnipar,5
0057706320954,Tuprobax,3
0057715808,Qwitinackover,2
0057804131179,Refropexistor,11
0057828830,Uppebefax,14
0057883817633,Infropadicator,12
0057895107,Tupbanentor,10
0058039543,Dopjubazz,14
0058141249078,Barvenimower,3
0058208210920,Monwerinazz,6
0058209884,Qwifropentor,4
0058229811,Uppebover,8
0058380426804,Hapjubor,3
0058429433527,Zeesipadax,12
0058554189763,Emsapantor,8
0058646770017,Emtanentor,4
0058663348,Intanplex,1
0058687420590,Supdimax,14
0058752895,Vartananan,3
0059212860,Qwirobonex,13
0059258854,Zeezapefan,2
0059369686815,Tupcador,6
0059388650,Zeedudackistor,7
0059600286,Endsipollin,1
0059745935636,Montumistor,15
0059838070334,Upmunor,13
0059940441,Emnipinover,11
0060074843507,Zeetanower,6
0060195712,Inerantor,3
0060402724,Adglibar,2
0060464159286,Repebefentor,5
0060554500569,Tupdimistor,5
0060646438974,Hapweror,10
0060715455968,Parhupistor,14
0060729758910,Trurobax,11
0060857164,Frohupantor,5
0060866864,Zeesipinistor,5
0061121467,Winhupexower,10
0061140583239,Dopmunadazz,12
0061275506,Qwifropopor,1
0061282673,Truglibewan,3
0061357911785,Grojubanex,15
0061453201550,Tupquestax,1
0061483056619,Lomkilover,6
0061684734979,Emtumor,14
0061762272158,Tupzapex,4
0061793238651,Tipbanistor,14
0061944737639,Upwerpexar,7
0061965091927,Zeesiponazz,13
0062007444,Frodudedover,1
0062065107261,Tuptumin,4
0062186958988,Adwerentor,4
0062202557,Unsipazz,8
0062215005,Retinan,4
0062386837,Unbanicator,15
0062561295802,Qwinipan,5
0062580808181,Advenistor,14
0062588964395,Dopweristor,6
0062633569,Inwerplan,13
0062695338,Parquestegantor,13
0062697117518,Tippebantor,7
0062712817,Tupnipar,14
0062806259,Tuptumistor,15
0062854775383,Retinar,13
0062865699385,Frovenar,10
0062880956075,Tupquestefax,8
0063087229235,Embaneficator,3
0063172208153,Untumegan,13
0063232458708,Tupmunomman,12
0063260036621,Tuppebplower,5
0063328747,Frowerpistor,13
0063364570,Reerazz,6
0063381878350,Hapdudex,10
0063425576643,Tupcadistor,4
0063553863501,Ciptinefan,3
0063566033177,Endzapedantor,1
0063581051,Qwimunicator,14
0063599252423,Suphupefar,14
0063758152521,Barmuninor,11
0063783283413,Lomcadistor,5
0064023582,Thrutumepex,10
0064148822,Klidimewantor,13
0064193034633,Frofroponar,5
0064225755,Tipkilistor,2
0064240322603,Varweror,4
0064314260255,Intinar,13
0064329007025,Thrubanackar,5
0064335514884,Winsapazz,1
0064464823,Addimommistor,10
0064508956059,Rappebefazz,14
0064624921279,Tippickar,6
0064971969080,Upsapefin,15
0065097062,Klinipentor,11
0065160567110,Tupfropimin,15
0065278621354,Upmunor,8
0065340666,Lompebower,10
0065349785452,Unquestex,9
0065450441452,Upsipepar,8
0065676720,Unfropanor,15
0065912439,Lombanor,9
0065997543526,Monnipadentor,6
0066039057456,Tipwerpentor,8
0066120070627,Untumower,11
0066129282412,Grosapor,7
0066229310,Truvenefin,3
0066307531517,Truhupantor,13
0066426377,Uneropantor,2
0066499794676,Grozapax,8
0066699234519,Tipkilin,15
0066704671,Hapquestepazz,9
0066806631012,Unerar,15
0067003657878,Tupsipower,8
0067014976488,Tipdudopentor,4
0067206377938,Uncadin,5
0067221661,Tipnipazz,14
0067224614,Winbanackax,14
0067224840,Varnipex,1
0067282565552,Cipvenicator,14
0067294331,Tipzapar,3
0067314774,Doptinistor,10
0067438798,Tupsapar,15
0067492770,Truwerpicator,15
0067684124,Tipsipax,10
0067831202,Winfropin,1
0067987250398,Surpickexazz,7
0068035736,Zeezapilicator,3
0068078144695,Fromunin,5
0068098015208,Montanicator,12
0068293238738,Surnipin,5
0068373052,Inpickadazz,8
0068542551,Thrufropax,6
0068606575044,Hapwerpicin,14
0068643000,Monbanamex,3
0068972888455,Trusipicator,6
0069038246,Parhupantor,6
0069060893,Qwihupax,15
0069071736,Adwerpommicator,4
0069422526024,Trufropar,5
0069651004,Undimefazz,10
0069886203,Tipdimex,6
0070074145700,Zeepebicator,1
0070249477221,Emtumaquor,14
0070314466269,Grovenollar,6
0070529939942,Haperistor,4
0070701524,Klitumax,12
0070770251759,Remunonantor,2
0071074923,Unsipaquex,13
0071220860,Montumicator,5
0071461716118,Endtumonower,8
0071680623922,Tipwerackantor,3
0071769815,Uppickamower,7
0071782095616,Supzapilower,1
0071874044714,Thrutinantor,2
0071914265764,Montanewar,4
0072067223958,Adpeban,3
0072182908,Dopdiminar,13
0072345491972,Supmunewower,15
0072429669,Groquestaquistor,9
0072675652314,Upnipor,14
0072758918014,Klibanedover,4
0072921149545,Rapvenexistor,15
0073026520536,Dopdiminower,7
0073172362,Kliwerpador,14
0073196255957,Partumilover,8
0073373179,Rapkilistor,2
0073582209955,Emnipeficator,3
0073716235,Untuminazz,13
0073743221410,Monkilax,13
0073780968617,Adnipinan,8
0073860716,Endtinegex,13
0074098901,Barericator,11
0074108018255,Unglibistor,9
0074166337159,Growerpin,15
0074202533,Grofropantor,5
0074332323755,Adcadicator,3
0074448975096,Parglibower,3
0074536502,Klirobimicator,12
0074555264,Cipdudimistor,1
0074607022973,Inglibegover,15
0074633681,Qwihupamazz,9
0074749742017,Rapvenimentor,13
0074814035941,Trunipower,10
0074868194196,Zeetinommax,15
0074912743166,Rebanedover,10
0074985416,Trusapor,15
0075015642,Tupfropepicator,7
0075112836947,Upsipommower,8
0075259215170,Lomdimefistor,14
0075282831824,Tiptumegex,4
0075578491518,Trubanedgantor,8
0075674642,Qwinipackantor,13
0075711267256,Supvenicator,4
0075733691483,Addudaquentor,11
0075870420356,Lomtinower,2
0075908133199,Emerar,1
0076117659,Unhupantor,1
0076192639437,Emwerpopicator,5
0076228734216,Emdimex,11
0076328732090,Endtumanax,11
0076360561342,Thrumunaquar,4
0076460309864,Truquestopantor,4
0076741735899,Surfropegover,3
0076748236920,Cipglibaquex,7
0076881052,Endglibicator,9
0076916496,Winnipax,5
0076940306,Vartuman,15
0077028745320,Surtumedover,15
0077086533028,Unnipazz,4
0077207091733,Partanamazz,2
0077357803008,Endtinaquan,8
0077400237245,Cipnipamentor,15
0077675207821,Kliglibegower,8
0077688621913,Haptanilin,7
0077860586537,Insipentor,1
0077871696385,Winhupentor,15
0077962622,Monpickax,10
0078048706249,Frovenex,7
0078114836,Untanollower,10
0078256656315,Dopcadazz,13
0078349632379,Tuptanedgin,1
0078513983243,Grojubommax,15
0079036093264,Tipfropazz,4
0079043792,Endzapaquistor,5
0079643329,Winpickonax,13
0079993968,Lomnipedgantor,8
0080164495,Rappebollex,5
0080173430,Zeehupantor,12
0080201046,Inpickin,11
0080248827338,Zeeglibaquazz,5
0080483752426,Tupquesticex,14
0080735265452,Endzapor,9
0080907650573,Qwipebefover,11
0080971609894,Gropebentor,2
0081122520487,Upquestistor,9
0081321186283,Froglibamover,8
0081388905,Uncadommicator,7
0081515426476,Thrurobentor,11
0081778847,Cipwerpan,8
0081833235,Wincadicator,15
0081867387,Thrupebazz,4
0081986839,Cipjubentor,5
0082247168093,Varquestegentor,11
0082286443949,Tuptanupax,13
0082505948104,Inwericator,6
0082592963392,Tipvenonar,15
0082609884,Emerollan,11
0082655547,Adpickefentor,12
0082792452785,Tuphupadentor,2
0082887112,Mondiminan,9
0083113754176,Varmunicator,6
0083201837,Winquestower,11
0083364192,Cippickedgar,2
0083397369,Suptinantor,1
0083513452,Suptumupor,10
0083548856199,Parglibedgentor,4
0083746416,Lomtanistor,1
0083846049,Adjubplantor,14
0083852530433,Rapdimedicator,10
0083881669769,Lomtinupazz,13
0083966829,Tiptinex,6
0084097379933,Qwimunewar,3
0084298903868,Trurobower,7
0084636719,Barglibower,10
0084669854499,Emerentor,15
0084692817,Qwirobewex,15
0084702235,Cipsapor,7
0084817867,Winnipinicator,5
0084899493,Zeezapantor,7
0084910495,Tipwerpan,8
0084950458890,Truwerpazz,7
0085070736117,Endkilimazz,9
0085162824475,Endnipanazz,10
0085204178539,Supzapicor,7
0085297007784,Tuptanomman,5
0085397679673,Aderollor,9
0085533906,Trunipepicator,2
0085576555,Adcadexistor,14
0086073841,Tiptinower,3
0086219049451,Inbanor,4
0086448029,Zeesipicicator,15
0086449739,Rapvenower,6
0086523152,Lomvenor,7
0086537646141,Tipkilan,2
0086542026,Surzapicator,15
0086659915,Winjubackor,14
0086880869,Zeefropedazz,7
0087021304612,Lomtumicistor,9
0087142763,Barsipover,6
0087321159960,Rappickin,6
0087327479203,Varbanollax,6
0087445473,Lompebazz,9
0087453864,Winhupin,14
0087468023,Unbanamax,15
0087513054,Montanazz,8
0087534588061,Montinax,12
0087595480,Tupcadanistor,13
0087595583,Qwifropicator,6
0087612066511,Suppickan,6
0087629759,Surhupentor,3
0087786053,Tiprobentor,15
0087872981,Raprobefazz,8
0088196025,Unkilistor,11
0088519682,Endhupaquower,5
0088782099443,Trududedower,6
0088905296,Frojubantor,15
0088909242,Unhupaquor,15
0088964378,Adwerpex,12
0089064322,Lomfropexazz,8
0089077866355,Parwerin,3
0089090123919,Tupbanepazz,2
0089215316,Emtanilex,13
0089606645,Thrufropan,14
0089631425,Raphupax,15
0089825296,Winjubor,9
0089911213,Lomnipedgex,14
0090058517642,Parkilower,8
0090101085757,Monjubentor,15
0090174265,Truwerpex,15
0090416821,Winzapazz,11
0090605194663,Bardimackin,1
0090621977,Klikilonan,8
0090667806,Unrobar,7
0090706530,Qwivenador,10
0090892881538,Hapzapentor,7
0090916357269,Parpebedazz,1
0090966166573,Frovenan,10
0091091658,Dopvenan,13
0091286195,Upwerpazz,2
0091314582889,Rapzapedin,3
0091415816291,Frotanamistor,8
0091463158,Thrutumedgex,8
0091493595,Partumefazz,4
0091701690749,Supmunistor,13
0091702693251,Monzapicator,9
0091717473,Rapglibistor,4
0091797245172,Grodimower,3
0091845931,Varzapedar,2
0091855588,Adbaneficator,14
0091864321,Surtinin,3
0091880272,Tupwerantor,8
0091969069,Undimicator,12
0091998616500,Unsapadar,1
0092085824402,Aderin,14
0092087513103,Emwerinar,14
0092100652,Resipor,12
0092143676624,Lomtiniman,8
0092307693095,Barjubedgar,12
0092390408421,Monjubazz,8
0092406379327,Emtanaquantor,11
0092423553,Inwerantor,5
0092779824703,Enderover,12
0092809787346,Lomwerower,13
0092915458,Indudamicator,10
0092919125,Adnipackor,7
0092955400323,Grodimommantor,13
0093273438,Bartanollistor,5
0093301025,Inwerpamar,8
0093342559957,Unwericator,4
0093342872743,Lomdudex,13
0093445912121,Winnipar,5
0093454726,Winniponor,7
0093464737,Varvenax,1
0093472380,Supwerpantor,9
0093559461249,Surzapepantor,10
0093607056752,Tupsipepower,14
0093668933512,Wintinefex,7
0093697671629,Addudepover,4
0093716508,Klisipegin,11
0093754056872,Tupquestazz,12
0093773610363,Barcadadar,14
0093788955,Monsapistor,5
0093847013068,Lommunaquan,2
0093889075802,Infropefax,3
0093895878,Upfropedower,3
0094100004984,Winfroponex,5
0094119634929,Truwerantor,11
0094180895,Winpickollantor,13
0094204848717,Emhupar,2
0094428742540,Gropebadan,4
0094510559,Rapnipefin,1
0094561231894,Monpebanan,3
0094714810742,Incadentor,11
0094738027811,Redudicover,9
0094761714,Tiperopantor,6
0094853317,Repebin,13
0094862578815,Lomerefor,13
0095031104,Parzapar,3
0095056137,Rezapamin,3
0095100303243,Vardimefin,12
0095106391,Endrobantor,10
0095107007638,Emsapantor,14
0095326509,Frodimilex,13
0095340595,Tuphupower,11
0095341202,Pardudin,12
0095417446,Parfropackower,6
0095476236354,Surtanan,12
0095598815939,Unweregar,7
0095661139,Thrutanazz,12
0095787435443,Qwipickollin,6
0095831126322,Truvenover,14
0095892485,Surtumupar,7
0096240588,Rappebicator,11
0096313267315,Fronipedgover,1
0096433218,Cipnipopistor,14
0096437264148,Qwidimopentor,9
0096490514,Truwerpover,13
0096534808211,Winpickazz,2

(1000 rows affected)

